寻宝类型,评分,标题,品牌,类目,成色,价格,币种,购买方式,图片数,图片像素,标记,所在地,卖家,好评率,上架时间,结束时间,链接,图片
残件/按现状,72.0,Canon IX240 Still Camera ELPH Jr (Silver) **UNTESTED** but in good condition,Canon,Film Cameras,Used,30.0,CAD,"FIXED_PRICE,BEST_OFFER",7,1600,as-is;underpriced(med 100),CA,cacg1cg,0.0,2026-08-19T03:05:23.000Z,,https://www.ebay.ca/itm/117367236044?hash=item1b53a1e5cc:g:PF8AAeSwcJ1qhRus,https://i.ebayimg.com/images/g/PF8AAeSwcJ1qhRus/s-l225.jpg
残件/按现状,72.0,Canon Sure Shot Mega Zoom 105 SAF 35mm Film Camera Case PARTS REPAIR,Canon,Film Cameras,For parts or not working,39.9,CAD,"FIXED_PRICE,BEST_OFFER",6,1600,underpriced(med 100),CA,basskatcher99,100.0,2026-08-19T12:56:01.000Z,,https://www.ebay.ca/itm/188803776426?hash=item2bf594ffaa:g:GqUAAeSwiuJqgi~r,https://i.ebayimg.com/images/g/GqUAAeSwiuJqgi~r/s-l225.jpg
残件/按现状,67.0,Olympus OM-1 35mm SLR Film Camera with 50mm f/1.8 Lens Needs Repair,Olympus,Film Cameras,For parts or not working,90.0,CAD,"FIXED_PRICE,BEST_OFFER",7,1600,grail:OM-1;mount:olympus om;low-feedback,CA,dakotaottie,96.2,2026-08-18T05:35:02.000Z,,https://www.ebay.ca/itm/188810082589?hash=item2bf5f5391d:g:~0wAAeSwbr9qg-7z,https://i.ebayimg.com/images/g/~0wAAeSwbr9qg-7z/s-l225.jpg
查无市价,65.0,Leica Elmar Vario R 80-200mm f3.5-4.5 MINT CONDITION!!,Leica,Lenses,Used,350.0,CAD,FIXED_PRICE,6,1600,grail:Elmar;good-cond,CA,kukalallen,97.6,2026-08-18T23:08:27.000Z,,https://www.ebay.ca/itm/237015109513?hash=item372f338f89:g:VsIAAeSwd8po1q1Q,https://i.ebayimg.com/images/g/VsIAAeSwd8po1q1Q/s-l225.jpg
残件/按现状,61.0,Asahi PENTAX Spotmatic F SP F Film Camera F1.8 Lens From JAPAN; Untested,Asahi,Film Cameras,Used,69.99,CAD,FIXED_PRICE,10,1599,grail:Spotmatic;as-is,CA,badlandpicker,99.2,2026-08-19T01:55:49.000Z,,https://www.ebay.ca/itm/117367176120?hash=item1b53a0fbb8:g:jioAAeSw02JqhQxY,https://i.ebayimg.com/images/g/jioAAeSw02JqhQxY/s-l225.jpg
残件/按现状;打包杂件,61.0,Pentax ME Super 35mm Film Camera | Vivitar 75-205mm Lens | Parts Repair Bundle,Pentax,Film Cameras,For parts or not working,76.79,CAD,"FIXED_PRICE,BEST_OFFER",17,1440,grail:Pentax ME Super,CA,miggysrediscoveredgoods,100.0,2026-08-19T10:01:21.000Z,,https://www.ebay.ca/itm/398303286524?hash=item5cbcb9d4fc:g:RbsAAeSwEhVpuxx6,https://i.ebayimg.com/images/g/RbsAAeSwEhVpuxx6/s-l225.jpg
残件/按现状,58.0,PARTS/REPAIR Vintage Canon Sure Shot. Coolpix L310,Canon,Film Cameras,For parts or not working,57.99,CAD,FIXED_PRICE,5,1600,,CA,ban_4389,98.6,2026-08-18T16:30:20.000Z,,https://www.ebay.ca/itm/237014478268?hash=item372f29edbc:g:AMgAAeSwjapqC3vf,https://i.ebayimg.com/images/g/AMgAAeSwjapqC3vf/s-l225.jpg
残件/按现状,58.0,Canon Datematic 35mm Rangefinder Film Camera 40mm f/2.8 Japan Untested,Canon,Film Cameras,Used,59.9,CAD,"FIXED_PRICE,BEST_OFFER",13,1446,as-is,CA,basskatcher99,100.0,2026-08-18T12:56:01.000Z,,https://www.ebay.ca/itm/188803774817?hash=item2bf594f961:g:YkcAAeSwRQxqgjCb,https://i.ebayimg.com/images/g/YkcAAeSwRQxqgjCb/s-l225.jpg
型号不明,52.0,Neewer LS-30 HD Wide/ Marco Conversion Lens 0.75X for Sony ZV-E10,Sony,Lenses,Open box,29.99,CAD,"FIXED_PRICE,BEST_OFFER",7,701,underpriced(med 415),CA,xvanthemanx,99.3,2026-08-18T06:37:02.000Z,,https://www.ebay.ca/itm/298597563745?hash=item4585cd3d61:g:-4AAAeSwd8po2Kj3,https://i.ebayimg.com/images/g/-4AAAeSwd8po2Kj3/s-l225.jpg
残件/按现状,50.0,Minolta Maxxum 450si Untested For parts only Comes with vintage bag,Minolta,Film Cameras,For parts or not working,25.0,CAD,"FIXED_PRICE,BEST_OFFER",9,1599,as-is,CA,mb6378,100.0,2026-08-19T00:49:51.000Z,,https://www.ebay.ca/itm/298599807832?hash=item4585ef7b58:g:6isAAeSwpfhqhP2n,https://i.ebayimg.com/images/g/6isAAeSwpfhqhP2n/s-l225.jpg
残件/按现状,50.0,Canon PowerShot A570 & A75 Digital Cameras For Parts Will not Power On,Canon,Digital Cameras,For parts or not working,27.95,CAD,"FIXED_PRICE,BEST_OFFER",12,1600,as-is;underpriced(med 200),CA,bellevegasshop,99.1,2026-08-18T18:17:50.000Z,,https://www.ebay.ca/itm/117366612383?hash=item1b5398619f:g:xgYAAeSwws1paAB1,https://i.ebayimg.com/images/g/xgYAAeSwws1paAB1/s-l225.jpg
残件/按现状,50.0,"Nikon D3100 DSLR Camera Body, Black {14.2MP} (Parts & Repair)",Nikon,Digital Cameras,For parts or not working,39.97,CAD,FIXED_PRICE,1,1536,underpriced(med 189),CA,timelens,97.4,2026-08-18T05:12:45.000Z,,https://www.ebay.ca/itm/407152624495?hash=item5ecc30036f:g:7fYAAeSwlE9ozD-R,https://i.ebayimg.com/images/g/7fYAAeSwlE9ozD-R/s-l225.jpg
残件/按现状,50.0,Minolta Dynax 3000i 35mm Film SLR Camera & Minolta 35-80mm Lens Untested,Minolta,Film Cameras,Used,43.0,CAD,"FIXED_PRICE,BEST_OFFER",6,1600,as-is,CA,bcvintageprovisions,99.0,2026-08-18T21:55:19.000Z,,https://www.ebay.ca/itm/158203326137?hash=item24d5a72eb9:g:giEAAOSwujtmrmyi,https://i.ebayimg.com/images/g/giEAAOSwujtmrmyi/s-l225.jpg
残件/按现状,50.0,Canon PowerShot A2200 HD14.1MP 4x Digital Camera Red (Parts Only),Canon,Digital Cameras,For parts or not working,44.99,CAD,"FIXED_PRICE,BEST_OFFER",8,1600,as-is;underpriced(med 200),CA,westcanwares,100.0,2026-08-19T11:48:48.000Z,,https://www.ebay.ca/itm/398303568701?hash=item5cbcbe233d:g:y6cAAeSwTo9pRvqh,https://i.ebayimg.com/images/g/y6cAAeSwTo9pRvqh/s-l225.jpg
残件/按现状,50.0,Miranda 35mm Film Camera. UNTESTED,Miranda,Film Cameras,Used,49.99,CAD,FIXED_PRICE,15,1599,as-is,CA,badlandpicker,99.2,2026-08-19T01:39:22.000Z,,https://www.ebay.ca/itm/117367158877?hash=item1b53a0b85d:g:cn8AAeSwIMRqhQfF,https://i.ebayimg.com/images/g/cn8AAeSwIMRqhQfF/s-l225.jpg
残件/按现状,50.0,Vintage Super 8 Film Camera LOMO 215 Made In USSR With Case! PARTS ONLY,Lomo,Vintage Cameras,,49.99,CAD,"FIXED_PRICE,BEST_OFFER",12,1599,as-is,CA,beaubreezy_worldwide,97.8,2026-08-18T21:29:48.000Z,,https://www.ebay.ca/itm/307134066778?hash=item47829df05a:g:CCsAAOSwr8ZnoTo7,https://i.ebayimg.com/images/g/CCsAAOSwr8ZnoTo7/s-l225.jpg
查无市价,50.0,"Praktica Super TL w/ orig lens, leather case. Tested On All Functional Settings",Praktica,Film Cameras,Used,55.0,CAD,FIXED_PRICE,8,1599,,CA,tada64646,100.0,2026-08-19T10:51:43.000Z,,https://www.ebay.ca/itm/407155618027?hash=item5ecc5db0eb:g:CbEAAeSwYtBqgbvp,https://i.ebayimg.com/images/g/CbEAAeSwYtBqgbvp/s-l225.jpg
查无市价,50.0,High-Quality Metal M42 Lens Adapter for Canon EOS Cameras - Manual Focus Design,Canon,Vintage Cameras,,64.99,CAD,"FIXED_PRICE,BEST_OFFER",10,912,mount:m42,CA,my_games_mart,98.5,2026-08-19T02:34:40.000Z,,https://www.ebay.ca/itm/237015550935?hash=item372f3a4bd7:g:DRkAAeSwBO5qhRWZ,https://i.ebayimg.com/images/g/DRkAAeSwBO5qhRWZ/s-l225.jpg
残件/按现状,44.0,Nikon D90 12.3MP DSLR Digital Camera Body Only For Parts Repair Error Message,Nikon,Digital Cameras,For parts or not working,69.87,CAD,"FIXED_PRICE,BEST_OFFER",18,1600,as-is;underpriced(med 175),CA,finderskeepersreselling,100.0,2026-08-19T11:59:17.000Z,,https://www.ebay.ca/itm/257690373306?hash=item3bff8b0cba:g:9xgAAeSwWS1qM3DS,https://i.ebayimg.com/images/g/9xgAAeSwWS1qM3DS/s-l225.jpg
查无市价,44.0,Vintage Konica EE Matic S 35mm Camera 1965 In Original Case Works,Konica,Vintage Cameras,,75.0,CAD,"FIXED_PRICE,BEST_OFFER",14,1600,,CA,anythingandeverythingantiques,100.0,2026-08-18T20:10:22.000Z,,https://www.ebay.ca/itm/366614170360?hash=item555be84af8:g:QT0AAeSwrj5qhLsH,https://i.ebayimg.com/images/g/QT0AAeSwrj5qhLsH/s-l225.jpg
残件/按现状,44.0,Praktica PLC 3 Camera Hard case BA2 Flash Shutter release cable manual Bag acc,Praktica,Film Cameras,For parts or not working,88.0,CAD,FIXED_PRICE,20,1600,,CA,bugsy2405,100.0,2026-08-19T00:00:00.000Z,,https://www.ebay.ca/itm/206498444387?hash=item3014443463:g:74IAAeSw9w5p0riQ,https://i.ebayimg.com/images/g/74IAAeSw9w5p0riQ/s-l225.jpg
型号不明,44.0,ASAHI PENTAX SUPER MULTI COATED TAKUMAR 1:3.5/28 M42 WIDE ANGLE LENS EXCELLENT,Asahi,Lenses,Used,104.24,CAD,"FIXED_PRICE,AUCTION",9,1600,mount:m42;auction,CA,ked222ked,98.2,2026-08-19T00:19:23.000Z,2026-08-26T00:19:23.000Z,https://www.ebay.ca/itm/198580760725?hash=item2e3c55f095:g:veIAAOSw0-RgWTZ3,https://i.ebayimg.com/images/g/veIAAOSw0-RgWTZ3/s-l225.jpg
打包杂件,44.0,Canon FTb QL 35mm Film Camera Kit FD 50mm f/1.8 + 2 Lenses & Flash Tested Bundle,Canon,Film Cameras,Used,289.0,CAD,"FIXED_PRICE,BEST_OFFER",17,1600,mount:canon fd,CA,snowman-tech,100.0,2026-08-19T00:11:48.000Z,,https://www.ebay.ca/itm/318751041448?hash=item4a370ae7a8:g:e6YAAeSwR-1qhPGp,https://i.ebayimg.com/images/g/e6YAAeSwR-1qhPGp/s-l225.jpg
查无市价,40.0,Vintage Agfa Silette Pronto Camera With Case Made in Germany,Agfa,Vintage Cameras,,25.02,CAD,"FIXED_PRICE,BEST_OFFER",5,1600,,CA,phiint_74,99.7,2026-08-18T15:03:20.000Z,,https://www.ebay.ca/itm/168623199237?hash=item2742b9d405:g:Pb0AAeSwq1dqNaq1,https://i.ebayimg.com/images/g/Pb0AAeSwq1dqNaq1/s-l225.jpg
残件/按现状,40.0,Vintage Kodak Brownie Hawkeye Flash Model Camera Untested 1950s Photography,Kodak,Vintage Cameras,,25.99,CAD,FIXED_PRICE,6,1600,as-is,CA,badlandpicker,99.2,2026-08-19T02:13:54.000Z,,https://www.ebay.ca/itm/117367193144?hash=item1b53a13e38:g:wV4AAeSw0KVqhRD1,https://i.ebayimg.com/images/g/wV4AAeSw0KVqhRD1/s-l225.jpg
查无市价,40.0,Vintage Polaroid Spectra System Instant Film Camera with case,Polaroid,Vintage Cameras,,27.8,CAD,"FIXED_PRICE,BEST_OFFER",5,1600,,CA,phiint_74,99.7,2026-08-18T20:40:48.000Z,,https://www.ebay.ca/itm/168623764912?hash=item2742c275b0:g:JAUAAeSwLodqNq0t,https://i.ebayimg.com/images/g/JAUAAeSwLodqNq0t/s-l225.jpg
残件/按现状,40.0,VTG Kodak Disc 4000 Camera In Original Box / Display - UNTESTED,Kodak,Vintage Cameras,,28.99,CAD,FIXED_PRICE,11,1599,as-is,CA,badlandpicker,99.2,2026-08-19T01:08:10.000Z,,https://www.ebay.ca/itm/117367113757?hash=item1b53a0081d:g:ufUAAeSwYtNqhQDZ,https://i.ebayimg.com/images/g/ufUAAeSwYtNqhQDZ/s-l225.jpg
查无市价,40.0,Vintage Polaroid Big Swinger 3000 Instant Land Camera 1960s USA,Polaroid,Vintage Cameras,,29.6,CAD,"FIXED_PRICE,BEST_OFFER",8,1600,,CA,basskatcher99,100.0,2026-08-19T12:56:01.000Z,,https://www.ebay.ca/itm/188808371865?hash=item2bf5db1e99:g:lQwAAeSwRqBqg3ER,https://i.ebayimg.com/images/g/lQwAAeSwRqBqg3ER/s-l225.jpg
残件/按现状,40.0,Polaroid Sun 600 LMS Instant Camera w/ Strap | Untested | 600 Film,Polaroid,Vintage Cameras,,30.23,CAD,"FIXED_PRICE,BEST_OFFER",14,1440,as-is,CA,miggysrediscoveredgoods,100.0,2026-08-18T07:32:08.000Z,,https://www.ebay.ca/itm/398298775798?hash=item5cbc7500f6:g:bSEAAeSwj~Vpkx11,https://i.ebayimg.com/images/g/bSEAAeSwj~Vpkx11/s-l225.jpg
残件/按现状,40.0,Polaroid OneStep Flash Instant Camera w/ Strap | Untested | 600 Film,Polaroid,Vintage Cameras,,31.27,CAD,"FIXED_PRICE,BEST_OFFER",14,1440,as-is,CA,miggysrediscoveredgoods,100.0,2026-08-18T07:32:07.000Z,,https://www.ebay.ca/itm/398298775773?hash=item5cbc7500dd:g:~GkAAeSwoNppkyaf,https://i.ebayimg.com/images/g/~GkAAeSwoNppkyaf/s-l225.jpg
残件/按现状,40.0,Zenit E 35mm SLR Film Camera Body Only | Vintage USSR | Untested,Zenit,Film Cameras,Used,33.59,CAD,"FIXED_PRICE,BEST_OFFER",13,1440,as-is,CA,miggysrediscoveredgoods,100.0,2026-08-19T07:33:14.000Z,,https://www.ebay.ca/itm/398302892620?hash=item5cbcb3d24c:g:EKsAAeSwkTFplaBb,https://i.ebayimg.com/images/g/EKsAAeSwkTFplaBb/s-l225.jpg
残件/按现状,40.0,Sony Cyber-shot DSC-W330 14.1MP Digital Camera - Black FOR PARTS / REPAIR,Sony,Digital Cameras,For parts or not working,34.99,CAD,FIXED_PRICE,9,1600,as-is;underpriced(med 170),CA,goldenbearsgoods,100.0,2026-08-19T11:00:34.000Z,,https://www.ebay.ca/itm/188816452783?hash=item2bf6566caf:g:LzUAAeSwA9Fqf7l2,https://i.ebayimg.com/images/g/LzUAAeSwA9Fqf7l2/s-l225.jpg
查无市价,40.0,Polaroid One Step Instant Film Camera,Polaroid,Vintage Cameras,,35.0,CAD,"FIXED_PRICE,BEST_OFFER",2,1600,,CA,someoneontheinternet,99.6,2026-08-19T07:00:01.000Z,,https://www.ebay.ca/itm/318751999164?hash=item4a371984bc:g:h~0AAeSw9KNqhKGg,https://i.ebayimg.com/images/g/h~0AAeSw9KNqhKGg/s-l225.jpg
残件/按现状,40.0,Vintage Polaroid Swinger Model 20 Land Camera White w/ Case Manual Untested,Polaroid,Film Cameras,Used,39.99,CAD,"FIXED_PRICE,BEST_OFFER",5,1600,as-is,CA,timo_finders_market,100.0,2026-08-19T04:37:58.000Z,,https://www.ebay.ca/itm/398302450448?hash=item5cbcad1310:g:S48AAeSweAVqhSbw,https://i.ebayimg.com/images/g/S48AAeSweAVqhSbw/s-l225.jpg
残件/按现状,40.0,sony cybershot dsc-w180 FOR PARTS AS IS SCREEN HAS BURNT PIXELS,Sony,Digital Cameras,For parts or not working,40.0,CAD,"FIXED_PRICE,BEST_OFFER",3,1600,as-is;underpriced(med 170),CA,khylesells,100.0,2026-08-18T20:41:50.000Z,,https://www.ebay.ca/itm/336749485615?hash=item4e67d55e2f:g:cucAAeSwoAJqhMNz,https://i.ebayimg.com/images/g/cucAAeSwoAJqhMNz/s-l225.jpg
残件/按现状,40.0,"Panasonic Lumix DMC-TZ1 5MP Black Digital Camera Leica 10x Zoom, Tested Damaged",Panasonic,Digital Cameras,Used,42.13,CAD,FIXED_PRICE,6,1600,as-is;underpriced(med 125),CA,home_tech_ease,100.0,2026-08-18T20:28:51.000Z,,https://www.ebay.ca/itm/398301206288?hash=item5cbc9a1710:g:TmUAAeSw7SlqhL-S,https://i.ebayimg.com/images/g/TmUAAeSw7SlqhL-S/s-l225.jpg
查无市价,40.0,Agfa Karat 36 camera,Agfa,Vintage Cameras,,45.0,CAD,FIXED_PRICE,7,1600,,CA,camed,100.0,2026-08-18T15:56:07.000Z,,https://www.ebay.ca/itm/206500820689?hash=item30146876d1:g:w4YAAeSwsx9qhH11,https://i.ebayimg.com/images/g/w4YAAeSwsx9qhH11/s-l225.jpg
查无市价,40.0,Vintage Kodak Instamatic 124 Color Outfit Box Manual Film Flashcubes Canada,Kodak,Vintage Cameras,,49.6,CAD,"FIXED_PRICE,BEST_OFFER",18,1600,,CA,basskatcher99,100.0,2026-08-19T12:56:01.000Z,,https://www.ebay.ca/itm/188808366601?hash=item2bf5db0a09:g:j94AAeSwXeFqg3Fo,https://i.ebayimg.com/images/g/j94AAeSwXeFqg3Fo/s-l225.jpg
打包杂件,40.0,Panasonic LUMIX DMC-FZ5 5.0MP Digital Bridge Camera Bundle - Black,Panasonic,Digital Cameras,Used,49.99,CAD,FIXED_PRICE,19,1599,underpriced(med 125),CA,treasureinthemountains,100.0,2026-08-18T23:36:19.000Z,,https://www.ebay.ca/itm/318750907072?hash=item4a3708dac0:g:njkAAOSwxGFmp-a~,https://i.ebayimg.com/images/g/njkAAOSwxGFmp-a~/s-l225.jpg
残件/按现状,40.0,"Sony cyber-shot DSC-W530 in excellent condition for parts , or repair",Sony,Digital Cameras,For parts or not working,50.0,CAD,"FIXED_PRICE,BEST_OFFER",9,1016,as-is;underpriced(med 170),CA,shue_5335,100.0,2026-08-18T23:18:47.000Z,,https://www.ebay.ca/itm/137637062539?hash=item200bcee78b:g:atUAAeSw92lqhOfe,https://i.ebayimg.com/images/g/atUAAeSw92lqhOfe/s-l225.jpg
残件/按现状,40.0,Sony Cyber-Shot DSC-W570 Digital Point and Shoot Camera 16.1MP Broken For Parts,Sony,Digital Cameras,For parts or not working,51.89,CAD,"FIXED_PRICE,BEST_OFFER",12,878,as-is;underpriced(med 170),CA,rasecdiamond,99.9,2026-08-18T23:49:05.000Z,,https://www.ebay.ca/itm/820020205960?hash=itembeed035988:g:8-YAAeSwEx9qe9nB,https://i.ebayimg.com/images/g/8-YAAeSwEx9qe9nB/s-l225.jpg
查无市价,40.0,Kodak EasyShare CX7525 5.0 Megapixel Digital Camera With Box Tested,Kodak,Vintage Cameras,,54.99,CAD,FIXED_PRICE,15,1600,,CA,peimw,99.6,2026-08-18T19:12:29.000Z,,https://www.ebay.ca/itm/198580270505?hash=item2e3c4e75a9:g:yEsAAeSwHrZqhK6W,https://i.ebayimg.com/images/g/yEsAAeSwHrZqhK6W/s-l225.jpg
图片不足,40.0,Nikon AF-S DX NIKKOR 55-200mm f/4-5.6G ED VR II Telephoto Zoom Lens,Nikon,Lenses,New,150.0,CAD,"FIXED_PRICE,BEST_OFFER",0,640,mount:nikon f,CA,nickpa_2907,0.0,2026-08-19T01:03:12.000Z,,https://www.ebay.ca/itm/820020446474?hash=itembeed07050a:g:vcAAAOSwSmJfGknV,https://i.ebayimg.com/images/g/vcAAAOSwSmJfGknV/s-l225.jpg
查无市价,38.0,Minolta Riva Zoom 75W 35mm Film Point & Shoot Camera w/ Minolta Case,Minolta,Film Cameras,Used,200.0,CAD,"FIXED_PRICE,BEST_OFFER",5,1600,,CA,kapin_krunch,100.0,2026-08-19T02:46:13.000Z,,https://www.ebay.ca/itm/820020766910?hash=itembeed0be8be:g:LmUAAeSw1PxqhRiD,https://i.ebayimg.com/images/g/LmUAAeSw1PxqhRiD/s-l225.jpg
查无市价,38.0,1948 Kine Exakta Jhagee - Post War Item,Exakta,Film Cameras,Used,200.0,CAD,"FIXED_PRICE,BEST_OFFER",5,1600,,CA,dani-2475,0.0,2026-08-18T22:09:49.000Z,,https://www.ebay.ca/itm/128033385335?hash=item1dcf626b77:g:saEAAeSwxZRqhNgn,https://i.ebayimg.com/images/g/saEAAeSwxZRqhNgn/s-l225.jpg
查无市价,34.0,Vintage 1987 Panasonic PV-320D OmniMovie VHS HQ AF X6 CCD Camcorder Tested Power,Panasonic,Vintage Cameras,,86.12,CAD,"FIXED_PRICE,BEST_OFFER",13,1600,,CA,jdfman,99.5,2026-08-18T17:25:37.000Z,,https://www.ebay.ca/itm/137636099689?hash=item200bc03669:g:3MoAAeSwS3BqhJOY,https://i.ebayimg.com/images/g/3MoAAeSwS3BqhJOY/s-l225.jpg
型号不明,34.0,Canon Canon Extender EF 2x II Lens Extender,Canon,Lenses,Used,199.99,CAD,FIXED_PRICE,1,1500,mount:canon ef,CA,paymore_kanata,99.7,2026-08-18T23:08:49.000Z,,https://www.ebay.ca/itm/318750818981?hash=item4a370782a5:g:vC4AAeSw4vtqgQNI,https://i.ebayimg.com/images/g/vC4AAeSw4vtqgQNI/s-l225.jpg
残件/按现状,34.0,Canon EF TS-E 45mm f2.8 Tilt Shift Lens (AS IS),Canon,Lenses,For parts or not working,295.0,CAD,FIXED_PRICE,7,1600,mount:canon ef;as-is,CA,therangefindercanada,0.0,2026-08-18T16:01:35.000Z,,https://www.ebay.ca/itm/147513137897?hash=item225877dae9:g:7vkAAeSwEU1qhH-5,https://i.ebayimg.com/images/g/7vkAAeSwEU1qhH-5/s-l225.jpg
图片过小,34.0,**NEW** Nikon AF-S FX NIKKOR 50mm F/1.4G Lens,Nikon,Lenses,Open box,350.0,CAD,"FIXED_PRICE,BEST_OFFER",3,500,mount:nikon f,CA,instarep,100.0,2026-08-18T20:28:57.000Z,,https://www.ebay.ca/itm/267761106338?hash=item3e57ce3da2:g:aEcAAeSwEQFqhL7n,https://i.ebayimg.com/images/g/aEcAAeSwEQFqhL7n/s-l225.jpg
残件/按现状,30.0,Nikon Coolpix A300 Camera Silver UNTESTED As Is,Nikon,Digital Cameras,Used,99.99,CAD,FIXED_PRICE,11,1600,as-is,CA,tekvault,97.5,2026-08-18T11:05:41.000Z,,https://www.ebay.ca/itm/820017826892?hash=itembeecdf0c4c:g:KWgAAeSwm6tqglAl,https://i.ebayimg.com/images/g/KWgAAeSwm6tqglAl/s-l225.jpg
残件/按现状,30.0,Canon IXUS 125 HS / Powershot ELPH 110 HS 16.1MP Digital Camera - Black UNTESTED,Canon,Digital Cameras,For parts or not working,100.0,CAD,"FIXED_PRICE,BEST_OFFER",4,1600,as-is,CA,khylesells,100.0,2026-08-18T20:39:58.000Z,,https://www.ebay.ca/itm/336749481943?hash=item4e67d54fd7:g:9MIAAeSw2ZtqhML~,https://i.ebayimg.com/images/g/9MIAAeSw2ZtqhML~/s-l225.jpg
残件/按现状,28.0,Olympus mu Tough Waterproof Shockproof Camera 5x Zoom Silver Untested,Olympus,Digital Cameras,For parts or not working,40.0,CAD,FIXED_PRICE,5,1600,as-is,CA,mainpack,0.0,2026-08-18T06:32:58.000Z,,https://www.ebay.ca/itm/287531951491?hash=item42f23d6583:g:2U8AAeSwGEZqg~ud,https://i.ebayimg.com/images/g/2U8AAeSwGEZqg~ud/s-l225.jpg
图片过小,28.0,Olympus FE-220 7.1MP 3x Zoom Y2K Camera - TESTED,Olympus,Digital Cameras,Used,79.99,CAD,"FIXED_PRICE,BEST_OFFER",12,580,mount:sony e,CA,ruvangr,100.0,2026-08-19T02:27:05.000Z,,https://www.ebay.ca/itm/198580944246?hash=item2e3c58bd76:g:pCEAAeSwAT5pMNK7,https://i.ebayimg.com/images/g/pCEAAeSwAT5pMNK7/s-l225.jpg
查无市价,28.0,VINTAGE PRAKTICA w/ RARE A. SCHACHT MUNCHEN TRAVENAR 2.8/85,Praktica,Vintage Cameras,,715.75,CAD,"FIXED_PRICE,BEST_OFFER",11,1482,,CA,ussr2,100.0,2026-08-18T23:38:59.000Z,,https://www.ebay.ca/itm/237015151602?hash=item372f3433f2:g:wwMAAOSwqfNXnmVX,https://i.ebayimg.com/images/g/wwMAAOSwqfNXnmVX/s-l225.jpg
查无市价,24.0,Panasonic VDR-M55PP DVD Camcorder 24x Zoom Tested With Charger Need Battery,Panasonic,Camcorders,Used,64.5,CAD,"FIXED_PRICE,BEST_OFFER",8,1600,,CA,colan-8926,98.6,2026-08-19T00:49:18.000Z,,https://www.ebay.ca/itm/820020402813?hash=itembeed065a7d:g:9iUAAeSwzf9qhPzu,https://i.ebayimg.com/images/g/9iUAAeSwzf9qhPzu/s-l225.jpg
查无市价,24.0,[SC 5096] Canon EOS 100D Rebel SL1 16GB 2 Batteries with EF 18-200mm 3.5-5.6 IS,Canon,Lenses,Used,498.0,CAD,"FIXED_PRICE,BEST_OFFER",19,1600,mount:canon ef,CA,candid_wolf,100.0,2026-08-19T04:34:53.000Z,,https://www.ebay.ca/itm/267761349981?hash=item3e57d1f55d:g:ZGcAAeSwehZqhSoP,https://i.ebayimg.com/images/g/ZGcAAeSwehZqhSoP/s-l225.jpg
残件/按现状,22.0,Canon PowerShot ELPH 180 20 MP 8x Optical Zoom Digital Camera -FLASH NOT WORKING,Canon,Digital Cameras,Used,145.0,CAD,"FIXED_PRICE,BEST_OFFER",14,1200,as-is,CA,mandyscloset1990,100.0,2026-08-18T23:37:30.000Z,,https://www.ebay.ca/itm/800531173981?hash=itemba6360525d:g:Z50AAeSw8QJqX9lC,https://i.ebayimg.com/images/g/Z50AAeSw8QJqX9lC/s-l225.jpg
残件/按现状,22.0,Canon PowerShot ELPH 300 HS 12.1MP 5x Digital Camera Blk (For Parts/Not Working),Canon,Digital Cameras,For parts or not working,149.99,CAD,FIXED_PRICE,13,756,as-is,CA,char_collectibles,100.0,2026-08-18T20:23:57.000Z,,https://www.ebay.ca/itm/398301196744?hash=item5cbc99f1c8:g:zGsAAeSwBD9qhL4G,https://i.ebayimg.com/images/g/zGsAAeSwBD9qhL4G/s-l225.jpg
打包杂件,22.0,Nikon Coolpix 950 2.1MP Swivel Digital Camera TESTED Bundle Case Manual 256MB CF,Nikon,Digital Cameras,Used,189.0,CAD,"FIXED_PRICE,BEST_OFFER",9,1600,mount:hasselblad v,CA,snowman-tech,100.0,2026-08-19T00:47:02.000Z,,https://www.ebay.ca/itm/318751127216?hash=item4a370c36b0:g:3rQAAeSwD~1qhPoL,https://i.ebayimg.com/images/g/3rQAAeSwD~1qhPoL/s-l225.jpg
型号不明,18.0,"Set of 7 Sigma T1.5/T2.0 FF High-Speed Cine Primes (PL Mount, Feet)",Sigma,Lenses,Used,0.0,USD,AUCTION,20,1600,auction,CA,chgill-96,100.0,2026-08-19T11:55:34.000Z,2026-08-26T11:55:34.000Z,https://www.ebay.ca/itm/227482471227?hash=item34f7030b3b:g:GEEAAeSwHiJqdOgN,https://i.ebayimg.com/images/g/GEEAAeSwHiJqdOgN/s-l225.jpg
型号不明,18.0,Image 35 mm Camera SE A1 Focus Free With Case And Box Vintage Photography Photos,,Film Cameras,Open box,29.98,CAD,"FIXED_PRICE,BEST_OFFER",6,1600,,CA,jopot-88,100.0,2026-08-18T12:02:55.000Z,,https://www.ebay.ca/itm/377428831145?hash=item57e082eba9:g:wqAAAeSwfpRpSqVZ,https://i.ebayimg.com/images/g/wqAAAeSwfpRpSqVZ/s-l225.jpg
残件/按现状;型号不明,18.0,Bell & Howell Electric Eye 8mm Movie Film Camera Vintage Untested,,Vintage Cameras,,29.99,CAD,FIXED_PRICE,8,1599,as-is,CA,badlandpicker,99.2,2026-08-19T02:10:05.000Z,,https://www.ebay.ca/itm/117367182863?hash=item1b53a1160f:g:hHsAAeSw~vdqhQ-e,https://i.ebayimg.com/images/g/hHsAAeSw~vdqhQ-e/s-l225.jpg
残件/按现状;型号不明,18.0,KING Regula Olymatic IA 35mm Film Camera w/ 45mm f2.8 Lens Untested,,Vintage Cameras,,35.99,CAD,FIXED_PRICE,10,1599,as-is,CA,badlandpicker,99.2,2026-08-19T02:03:50.000Z,,https://www.ebay.ca/itm/117367179070?hash=item1b53a1073e:g:hWEAAeSwjspqhQ5n,https://i.ebayimg.com/images/g/hWEAAeSwjspqhQ5n/s-l225.jpg
型号不明,18.0,Holiday 8MM Mansfield Tri-Lens Cine Turret Film Movie Camera With Box,,Vintage Cameras,,37.99,CAD,"FIXED_PRICE,BEST_OFFER",14,1600,,CA,sammoca,100.0,2026-08-18T12:46:29.000Z,,https://www.ebay.ca/itm/287532489410?hash=item42f2459ac2:g:oUIAAeSwzJ5n4DGG,https://i.ebayimg.com/images/g/oUIAAeSwzJ5n4DGG/s-l225.jpg
型号不明,18.0,Fugifilm Zoom Date 60 35mm Film Point Shoot Auto Focus Camera - SB8,,Film Cameras,Used,39.99,CAD,FIXED_PRICE,11,1600,,CA,403rving123,100.0,2026-08-18T15:28:16.000Z,,https://www.ebay.ca/itm/327316296337?hash=item4c35925291:g:jhgAAeSwGFpqhHii,https://i.ebayimg.com/images/g/jhgAAeSwGFpqhHii/s-l225.jpg
型号不明,18.0,Vintage German camera Ising Puck,,Vintage Cameras,,40.0,CAD,FIXED_PRICE,8,1600,,CA,camed,100.0,2026-08-18T15:40:02.000Z,,https://www.ebay.ca/itm/206500791032?hash=item30146802f8:g:egkAAeSwt3xqhHcJ,https://i.ebayimg.com/images/g/egkAAeSwt3xqhHcJ/s-l225.jpg
型号不明,18.0,Vintage Diramic AF 35s 35mm Film Camera 38mm Lens Tested Working,,Film Cameras,Used,50.0,CAD,"FIXED_PRICE,BEST_OFFER",6,1512,,CA,phoenixrecommerceco,98.0,2026-08-18T13:19:29.000Z,,https://www.ebay.ca/itm/198579698896?hash=item2e3c45bcd0:g:DF0AAeSwrd5qhFt0,https://i.ebayimg.com/images/g/DF0AAeSwrd5qhFt0/s-l225.jpg
型号不明,18.0,Vintage Moviematic3 in 1 Motion Picture Camera with Box,,Vintage Cameras,,59.9,CAD,FIXED_PRICE,18,1599,,CA,badlandpicker,99.2,2026-08-19T00:58:22.000Z,,https://www.ebay.ca/itm/117367110738?hash=item1b539ffc52:g:2dQAAeSwvr5qhP2C,https://i.ebayimg.com/images/g/2dQAAeSwvr5qhP2C/s-l225.jpg
残件/按现状,16.0,Nikon CoolPix S3600 Blue Digital Camera (Parts/Repair),Nikon,Digital Cameras,For parts or not working,0.0,USD,AUCTION,4,1600,auction,CA,goodwillindustriesontariogreatlakes,99.8,2026-08-19T01:48:00.000Z,2026-08-24T01:48:00.000Z,https://www.ebay.ca/itm/267760847998?hash=item3e57ca4c7e:g:4QIAAeSwHQBqhHOv,https://i.ebayimg.com/images/g/4QIAAeSwHQBqhHOv/s-l225.jpg
型号不明,12.0,Magnavox CCK321AV02 VHS HQ Movie Maker Camcorder Vintage Tested Playback See Des,,Vintage Cameras,,60.86,CAD,"FIXED_PRICE,BEST_OFFER",17,1600,,CA,jdfman,99.5,2026-08-18T19:47:40.000Z,,https://www.ebay.ca/itm/137636470233?hash=item200bc5ddd9:g:ZksAAeSww-FqhLTF,https://i.ebayimg.com/images/g/ZksAAeSww-FqhLTF/s-l225.jpg
残件/按现状;型号不明,12.0,Horizon 202,,Film Cameras,For parts or not working,75.0,CAD,FIXED_PRICE,3,1600,,CA,classic_camera_world,100.0,2026-08-18T20:12:54.000Z,,https://www.ebay.ca/itm/278293493238?hash=item40cb95b5f6:g:Z-wAAeSwnsNqhLwD,https://i.ebayimg.com/images/g/Z-wAAeSwnsNqhLwD/s-l225.jpg
型号不明,12.0,Bolex Camera H16 400 Magazines,,Vintage Cameras,,80.0,CAD,"FIXED_PRICE,BEST_OFFER",5,1600,,CA,vintagehack13,100.0,2026-08-18T22:49:47.000Z,,https://www.ebay.ca/itm/227481641483?hash=item34f6f6620b:g:M7sAAeSwpyFqhOFE,https://i.ebayimg.com/images/g/M7sAAeSwpyFqhOFE/s-l225.jpg
查无市价,10.0,SONY FX9 Professional Camcorder PXW-FX9 (1769 Hours) w/ Tilta Cage & Cards,Sony,Camcorders,Used,0.0,USD,AUCTION,6,1438,auction,CA,chgill-96,100.0,2026-08-19T11:55:56.000Z,2026-08-26T11:55:56.000Z,https://www.ebay.ca/itm/227482471436?hash=item34f7030c0c:g:je4AAeSwlDZqVoz8,https://i.ebayimg.com/images/g/je4AAeSwlDZqVoz8/s-l225.jpg
残件/按现状,10.0,Sony PMW-EX3 Semi-Professional Camcorder with Fujinon Lens — For Parts.,Sony,Camcorders,For parts or not working,199.0,CAD,FIXED_PRICE,16,1600,as-is,CA,ridgewoodray,100.0,2026-08-18T17:03:47.000Z,,https://www.ebay.ca/itm/267760930344?hash=item3e57cb8e28:g:ux4AAeSwOa9qhI4X,https://i.ebayimg.com/images/g/ux4AAeSwOa9qhI4X/s-l225.jpg
打包杂件,10.0,Sony Handycam HDR-UX5 HD AVCHD DVD Camcorder 10x Bundle with Charger - Tested,Sony,Camcorders,Used,229.99,CAD,FIXED_PRICE,8,1600,,CA,skewedgames,99.9,2026-08-19T06:53:47.000Z,,https://www.ebay.ca/itm/128033933316?hash=item1dcf6ac804:g:a1kAAeSwh3NqhVCX,https://i.ebayimg.com/images/g/a1kAAeSwh3NqhVCX/s-l225.jpg
查无市价,10.0,Panasonic HC-X1600 Camcorder - Near Mint Minus,Panasonic,Camcorders,Used,1599.0,CAD,FIXED_PRICE,9,1600,good-cond,CA,maplecamera_co,100.0,2026-08-18T21:38:12.000Z,,https://www.ebay.ca/itm/198580488274?hash=item2e3c51c852:g:htIAAeSw5NJqhNHD,https://i.ebayimg.com/images/g/htIAAeSw5NJqhNHD/s-l225.jpg
型号不明,8.0,Vintage Makinon MC Zoom 1:4.5 f-80-200mm 8115005 55 Auto Camera Lens,,Lenses,Used,29.99,CAD,FIXED_PRICE,10,1599,,CA,budastro,100.0,2026-08-19T01:16:31.000Z,,https://www.ebay.ca/itm/168624228585?hash=item2742c988e9:g:kqwAAeSwk71qe1Zw,https://i.ebayimg.com/images/g/kqwAAeSwk71qe1Zw/s-l225.jpg
型号不明,8.0,JC Penney Multi Coated Optics lens 1:2.8 28mm for CanonAE-1,,Lenses,Used,55.0,CAD,"FIXED_PRICE,BEST_OFFER",6,1600,,CA,hunter-mikeb,100.0,2026-08-18T08:37:10.000Z,,https://www.ebay.ca/itm/128032426148?hash=item1dcf53c8a4:g:7YQAAOSws5xnjGfz,https://i.ebayimg.com/images/g/7YQAAOSws5xnjGfz/s-l225.jpg
查无市价,8.0,"Yashica YASDGM100OW DigiMate Compact Digital Camera, 64MP CMOS Sensor, 18x",Yashica,Digital Cameras,Open box,159.0,CAD,FIXED_PRICE,2,1000,low-feedback,CA,vipoutletcanada,92.7,2026-08-18T18:47:35.000Z,,https://www.ebay.ca/itm/237014742450?hash=item372f2df5b2:g:PloAAeSwCqtqhLB3,https://i.ebayimg.com/images/g/PloAAeSwCqtqhLB3/s-l225.jpg
残件/按现状,6.0,Nikon COOLPIX P1000 4K UHD Camera 125x Optical Zoom 3000mm VR Black READ,Nikon,Digital Cameras,For parts or not working,787.49,CAD,"FIXED_PRICE,BEST_OFFER",23,1600,,CA,prairie-pickers,100.0,2026-08-19T00:24:19.000Z,,https://www.ebay.ca/itm/128033534347?hash=item1dcf64b18b:g:Wn4AAeSw0FZqhOb1,https://i.ebayimg.com/images/g/Wn4AAeSw0FZqhOb1/s-l225.jpg
残件/按现状;打包杂件,5.0,Lot Of 4 Digital Cameras Canon Olympus Kodak Nikon PowerShot Coolpix Etc,Canon,Digital Cameras,For parts or not working,120.0,CAD,"FIXED_PRICE,BEST_OFFER",3,1600,neg,CA,jaxgames7,99.3,2026-08-18T19:44:38.000Z,,https://www.ebay.ca/itm/117366726998?hash=item1b539a2156:g:NoQAAeSwo8JqhLW4,https://i.ebayimg.com/images/g/NoQAAeSwo8JqhLW4/s-l225.jpg
型号不明,2.0,meike 35mm f/1.7,,Lenses,Open box,100.0,CAD,"FIXED_PRICE,BEST_OFFER",6,1600,,CA,nelabuc-61,100.0,2026-08-19T01:28:52.000Z,,https://www.ebay.ca/itm/318751253105?hash=item4a370e2271:g:MXQAAeSwvDhqhQXr,https://i.ebayimg.com/images/g/MXQAAeSwvDhqhQXr/s-l225.jpg
打包杂件,2.0,Sony Handycam DCR-PC5 Bundle With 4x Battery Digital Zoom Video Camera Recorder,Sony,Camcorders,Used,400.0,CAD,"FIXED_PRICE,BEST_OFFER",8,1600,low-feedback,CA,torontobuyandselltoronto,96.3,2026-08-18T10:09:12.000Z,,https://www.ebay.ca/itm/267760675191?hash=item3e57c7a977:g:vx4AAeSwS3BqhC7w,https://i.ebayimg.com/images/g/vx4AAeSwS3BqhC7w/s-l225.jpg
型号不明,0.0,Optex Safari 6D Action Camera 4K UHD Dual Screen 20MP WiFi Waterproof Open Box,,Camcorders,Open box,59.99,CAD,FIXED_PRICE,4,1333,,CA,johnsteed75robert,100.0,2026-08-18T17:26:55.000Z,,https://www.ebay.ca/itm/178420361930?hash=item298aaeaaca:g:OT4AAeSw2RBqdWM3,https://i.ebayimg.com/images/g/OT4AAeSw2RBqdWM3/s-l225.jpg
打包杂件,-2.0,Sony Cyber-shot DSC-V1 Digital Camera 5.0MP 4x Zoom Nightshot Bundle - TESTED ✅,Sony,Digital Cameras,Used,200.0,CAD,"FIXED_PRICE,BEST_OFFER",11,1600,low-feedback,CA,torontobuyandselltoronto,96.3,2026-08-18T10:11:17.000Z,,https://www.ebay.ca/itm/267760676269?hash=item3e57c7adad:g:2DwAAeSwGEZqhC-1,https://i.ebayimg.com/images/g/2DwAAeSwGEZqhC-1/s-l225.jpg
型号不明,-4.0,Sanyo VPC-X1200 12.1 MegaPixel Digital Camera With Accessories and Original Box,,Digital Cameras,Used,46.95,CAD,FIXED_PRICE,9,1600,,CA,bear345,100.0,2026-08-19T00:35:43.000Z,,https://www.ebay.ca/itm/227481750894?hash=item34f6f80d6e:g:kxsAAeSw69pqhPSf,https://i.ebayimg.com/images/g/kxsAAeSw69pqhPSf/s-l225.jpg
查无市价,-4.0,Panasonic Lumix DMC-ZS70 Compact Camera - Good,Panasonic,Digital Cameras,Used,479.0,CAD,FIXED_PRICE,4,1600,,CA,maplecamera_co,100.0,2026-08-18T21:38:12.000Z,,https://www.ebay.ca/itm/198580488251?hash=item2e3c51c83b:g:iPsAAeSw6xpqhNGB,https://i.ebayimg.com/images/g/iPsAAeSw6xpqhNGB/s-l225.jpg
查无市价,-4.0,Panasonic Lumix DMC-ZS70 Compact Camera - Excellent Plus,Panasonic,Digital Cameras,Used,529.0,CAD,FIXED_PRICE,4,1600,,CA,maplecamera_co,100.0,2026-08-18T21:38:11.000Z,,https://www.ebay.ca/itm/198580488245?hash=item2e3c51c835:g:efQAAeSwKVxqhNFC,https://i.ebayimg.com/images/g/efQAAeSwKVxqhNFC/s-l225.jpg
型号不明,-4.0,VINTAGE FUTURA FREIBURG BR. w/ ELOR 2.8/50 & AMPLIGON 4.5/35 + VIEWFINDER 35mm,,Vintage Cameras,,868.63,CAD,"FIXED_PRICE,BEST_OFFER",10,1600,,CA,ussr2,100.0,2026-08-18T23:38:59.000Z,,https://www.ebay.ca/itm/237015151603?hash=item372f3433f3:g:WKwAAOSwTZ1Xnlk-,https://i.ebayimg.com/images/g/WKwAAOSwTZ1Xnlk-/s-l225.jpg
型号不明,-6.0,Samsung Digital Camcorder SC-D382/XAC,,Camcorders,Used,94.49,CAD,FIXED_PRICE,2,1500,,CA,paymorevancouver,99.5,2026-08-18T19:17:29.000Z,,https://www.ebay.ca/itm/227481472577?hash=item34f6f3ce41:g:1tMAAeSwv9NqhH7f,https://i.ebayimg.com/images/g/1tMAAeSwv9NqhH7f/s-l225.jpg
型号不明,-6.0,JVC Everio GZ-MG330RU 30GB HDD Camcorder Red 35x Optical Zoom,,Camcorders,Used,121.49,CAD,"FIXED_PRICE,BEST_OFFER",11,1600,,CA,prairie-pickers,100.0,2026-08-19T00:24:19.000Z,,https://www.ebay.ca/itm/128033534348?hash=item1dcf64b18c:g:VUwAAeSwhFRqhO5p,https://i.ebayimg.com/images/g/VUwAAeSwhFRqhO5p/s-l225.jpg
型号不明,-6.0,Apexcam 4K 60FPS 64MP EIS WiFi Action Camera with 64GB Memory Card Waterproof,,Camcorders,New,122.48,CAD,FIXED_PRICE,5,1600,,CA,wood-castle,98.6,2026-08-18T14:38:00.000Z,,https://www.ebay.ca/itm/327316240969?hash=item4c35917a49:g:JaoAAeSw7dJqhG85,https://i.ebayimg.com/images/g/JaoAAeSw7dJqhG85/s-l225.jpg
型号不明,-6.0,JVC Everio GZ-MG630AU 60GB HDD Digital Camcorder Blue 40x Optical Zoom,,Camcorders,Used,139.49,CAD,"FIXED_PRICE,BEST_OFFER",12,1600,,CA,prairie-pickers,100.0,2026-08-19T00:24:19.000Z,,https://www.ebay.ca/itm/128033534345?hash=item1dcf64b189:g:cYoAAeSwjFZqhPCK,https://i.ebayimg.com/images/g/cYoAAeSwjFZqhPCK/s-l225.jpg
型号不明,-6.0,JVC GR-D74U Camcorder - Black/Silver,,Camcorders,Used,150.0,CAD,"FIXED_PRICE,BEST_OFFER",5,1600,,CA,panelbeaternick,0.0,2026-08-19T11:11:06.000Z,,https://www.ebay.ca/itm/327317572343?hash=item4c35a5caf7:g:nWcAAeSwo5FqhYzW,https://i.ebayimg.com/images/g/nWcAAeSwo5FqhYzW/s-l225.jpg
型号不明,-10.0,GE A950 9.1 Megapixel 5X Optical Zoom Compact Digital Camera,,Digital Cameras,Used,65.0,CAD,"FIXED_PRICE,BEST_OFFER",6,1600,,CA,e_and06,99.4,2026-08-19T00:41:43.000Z,,https://www.ebay.ca/itm/278294036390?hash=item40cb9dffa6:g:9jAAAeSwrBFqhPt7,https://i.ebayimg.com/images/g/9jAAAeSwrBFqhPt7/s-l225.jpg
残件/按现状;型号不明,-10.0,Casio EXILIM EX-H5 Camera *UNTESTED FOR PARTS ONLY*,,Digital Cameras,Used,69.99,CAD,FIXED_PRICE,6,1600,as-is,CA,tekvault,97.6,2026-08-19T02:28:21.000Z,,https://www.ebay.ca/itm/820020693080?hash=itembeed0ac858:g:2EwAAeSwgW9qhRPF,https://i.ebayimg.com/images/g/2EwAAeSwgW9qhRPF/s-l225.jpg
型号不明,-12.0,GoPro HERO10 Black Waterproof Action Camera w/ Battery SD Card And Extras,,Camcorders,Used,250.0,CAD,FIXED_PRICE,2,1600,,CA,plasticcrackdealer,100.0,2026-08-18T23:36:59.000Z,,https://www.ebay.ca/itm/287533316247?hash=item42f2523897:g:PVsAAeSwM2lqhOuD,https://i.ebayimg.com/images/g/PVsAAeSwM2lqhOuD/s-l225.jpg
型号不明,-16.0,SIEMENS SIPLACE CAMERA L & A EA1 00336791-03,,Digital Cameras,Used,346.06,CAD,"FIXED_PRICE,BEST_OFFER",3,1600,,CA,good_deal_center,99.7,2026-08-18T15:38:03.000Z,,https://www.ebay.ca/itm/820018687515?hash=itembeecec2e1b:g:opUAAeSwaHVqhHqi,https://i.ebayimg.com/images/g/opUAAeSwaHVqhHqi/s-l225.jpg
型号不明,-16.0,"Blackmagic Pocket Cinema Camera 6K EF with Cage, Accessories, and 4 Batteries",,Camcorders,Open box,1300.0,CAD,"FIXED_PRICE,BEST_OFFER",23,1600,mount:canon ef,CA,nmb.film7,100.0,2026-08-18T13:32:29.000Z,,https://www.ebay.ca/itm/318748800023?hash=item4a36e8b417:g:A98AAeSwG9FqhFga,https://i.ebayimg.com/images/g/A98AAeSwG9FqhFga/s-l225.jpg
型号不明,-18.0,DJI Osmo Pocket 3 4K Gimbal Camera+ Case+ Battery Pack/ Creater Combo,,Camcorders,Used,549.0,CAD,"FIXED_PRICE,AUCTION",0,1199,auction,CA,xavier_millan1701,100.0,2026-08-18T20:44:11.000Z,2026-08-28T20:44:11.000Z,https://www.ebay.ca/itm/318750389535?hash=item4a3700f51f:g:~p0AAeSwOk1qUcXi,https://i.ebayimg.com/images/g/~p0AAeSwOk1qUcXi/s-l225.jpg
型号不明,-20.0,Vintage 1984 Sharp QC-78C Color Video Camera Newvicon Camcorder JAPAN With Box,,Camcorders,Used,250.0,CAD,"FIXED_PRICE,BEST_OFFER",14,1250,low-feedback,CA,torontobuyandselltoronto,96.3,2026-08-18T10:15:03.000Z,,https://www.ebay.ca/itm/267760677280?hash=item3e57c7b1a0:g:01UAAeSw5rdqhDCO,https://i.ebayimg.com/images/g/01UAAeSw5rdqhDCO/s-l225.jpg
型号不明,-22.0,Blackmagic Pocket Cinema Camera 6K Camera Body Only - Excellent,,Camcorders,Used,1149.0,CAD,FIXED_PRICE,6,1600,,CA,maplecamera_co,100.0,2026-08-18T21:38:12.000Z,,https://www.ebay.ca/itm/198580488280?hash=item2e3c51c858:g:jo4AAeSwIMRqhNHw,https://i.ebayimg.com/images/g/jo4AAeSwIMRqhNHw/s-l225.jpg
型号不明,-26.0,GemCam Pro AI Jewelry Camera 48MP 4K 10x Macro Diamond Gemstone GemIQ First 1000,,Digital Cameras,Used,2500.0,CAD,"FIXED_PRICE,BEST_OFFER",5,1600,,CA,fulopsells,0.0,2026-08-18T22:59:01.000Z,,https://www.ebay.ca/itm/407154465913?hash=item5ecc4c1c79:g:EG8AAeSwJ9tqhOHI,https://i.ebayimg.com/images/g/EG8AAeSwJ9tqhOHI/s-l225.jpg
