性价比,价差,参考价,样本数,评分,标题,型号,品牌,类目,成色,价格,币种,购买方式,标记,所在地,卖家,好评率,上架时间,结束时间,链接,图片
抄底,-77%,248.41,80,99.0,Mamiya 220 Film Insert Pro for RZ67 Medium Format Camera System,mamiya rz67,Mamiya,Film Cameras,Used,57.76,CAD,"FIXED_PRICE,BEST_OFFER",grail:RZ67,CA,simons_sells,99.1,2026-08-13T03:52:04.000Z,,https://www.ebay.ca/itm/267755645544?hash=item3e577aea68:g:8hUAAeSwh5lp9E3x,https://i.ebayimg.com/images/g/8hUAAeSwh5lp9E3x/s-l225.jpg
无基准,,221.14,80,75.0,Tested *MINT* Mamiya 7 II Medium Format Film Camera Pelican Case 5 Lens Kit,mamiya 7,Mamiya,Film Cameras,Open box,23699.69,CAD,"FIXED_PRICE,AUCTION",grail:Mamiya 7 II;good-cond;auction,CA,loso_jess,0.0,2026-08-13T05:45:22.000Z,2026-08-23T05:45:22.000Z,https://www.ebay.ca/itm/358920507037?hash=item5391544e9d:g:1HkAAeSwzZZqYu40,https://i.ebayimg.com/images/g/1HkAAeSwzZZqYu40/s-l225.jpg
抄底,-67%,75.36,11,72.0,Voigtlander Vito B,voigtlander vito,Voigtlander,Vintage Cameras,,25.0,CAD,FIXED_PRICE,,CA,camed,100.0,2026-08-12T17:35:15.000Z,,https://www.ebay.ca/itm/206485884054?hash=item3013848c96:g:JbAAAeSwsqlqfKvm,https://i.ebayimg.com/images/g/JbAAAeSwsqlqfKvm/s-l225.jpg
抄底,-46%,221.52,47,68.0,Opteka Fisheye Lens 6.5mm f/3.5 For Canon EF Mount Fixed/Prime Lens,canon ef 5mm f3.5,Canon,Lenses,Used,119.99,CAD,FIXED_PRICE,mount:canon ef,CA,paymore_kitchener,99.6,2026-08-13T12:19:49.000Z,,https://www.ebay.ca/itm/137616695862?hash=item200a982236:g:sZIAAeSwCN1qfZf1,https://i.ebayimg.com/images/g/sZIAAeSwCN1qfZf1/s-l225.jpg
偏低,-20%,753.39,25,64.0,Voigtländer 55mm f/1.2 Nokton SLIIs (Nikon),voigtländer nokton 55mm f1.2,Voigtländer,Lenses,Used,600.0,CAD,"FIXED_PRICE,BEST_OFFER",grail:Nokton;55mm,CA,de_coverley,100.0,2026-08-12T20:03:56.000Z,,https://www.ebay.ca/itm/358918861746?hash=item53913b33b2:g:8EgAAeSwOwdqfNSZ,https://i.ebayimg.com/images/g/8EgAAeSwOwdqfNSZ/s-l225.jpg
抄底,-53%,69.64,80,62.0,Soligor Wide-Auto 35mm f/2.8 Wide Angle Lens Minolta SR MD,minolta 35mm f2.8,Minolta,Lenses,Used,32.5,CAD,"FIXED_PRICE,BEST_OFFER",mount:minolta md,CA,dit_rich,100.0,2026-08-13T01:24:47.000Z,,https://www.ebay.ca/itm/278274486625?hash=item40ca73b161:g:QiEAAeSwHn1qfRyk,https://i.ebayimg.com/images/g/QiEAAeSwHn1qfRyk/s-l225.jpg
抄底,-50%,80.4,41,62.0,Vinage Polaroid Instant Camera Cool Cam 600 Red Black With Case Vintage,polaroid 600,Polaroid,Vintage Cameras,,40.0,CAD,"FIXED_PRICE,BEST_OFFER",,CA,sylwiasliwinska,100.0,2026-08-12T21:10:20.000Z,,https://www.ebay.ca/itm/287521231017?hash=item42f199d0a9:g:XoYAAeSwy0VqfODX,https://i.ebayimg.com/images/g/XoYAAeSwy0VqfODX/s-l225.jpg
合理,-4%,466.73,80,61.0,Voigtlander Nokton Classic 40mm f1.4 MC VM,voigtlander nokton 40mm f1.4,Voigtlander,Lenses,Used,450.0,CAD,"FIXED_PRICE,BEST_OFFER",grail:Nokton;mount:leica m,CA,de_coverley,100.0,2026-08-12T19:34:18.000Z,,https://www.ebay.ca/itm/358918796448?hash=item53913a34a0:g:tlsAAeSwS4pqfMhZ,https://i.ebayimg.com/images/g/tlsAAeSwS4pqfMhZ/s-l225.jpg
超值,-36%,224.0,80,52.0,Nikon AF-S DX NIKKOR 18-140mm f/3.5-5.6G ED VR Lens - Tested & Clean,nikon nikkor 18-140mm f3.5,Nikon,Lenses,Used,142.4,CAD,FIXED_PRICE,mount:nikon f,CA,wahi_2428,99.2,2026-08-12T20:34:04.000Z,,https://www.ebay.ca/itm/407139795626?hash=item5ecb6c42aa:g:L7MAAeSwgvRqfNik,https://i.ebayimg.com/images/g/L7MAAeSwgvRqfNik/s-l225.jpg
超值,-38%,968.86,32,52.0,Canon RF 600mm f/11 IS STM Super Telephoto Lens - Great Condition With Box,canon rf 600mm f11,Canon,Lenses,Open box,600.0,CAD,"FIXED_PRICE,BEST_OFFER",mount:canon rf,CA,addy29,100.0,2026-08-12T14:33:57.000Z,,https://www.ebay.ca/itm/307122577321?hash=item4781ee9fa9:g:FXMAAeSwn1BqKgum,https://i.ebayimg.com/images/g/FXMAAeSwn1BqKgum/s-l225.jpg
超值,-37%,55.45,80,50.0,Ricoh AF System Camera S–30 Date Black Lens 35mm Taiwan Vintage,ricoh 30,Ricoh,Film Cameras,Used,34.99,CAD,"FIXED_PRICE,BEST_OFFER",,CA,bestadvintages59,100.0,2026-08-13T00:00:01.000Z,,https://www.ebay.ca/itm/267754490630?hash=item3e57694b06:g:xLkAAeSwhJ9oGs5p,https://i.ebayimg.com/images/g/xLkAAeSwhJ9oGs5p/s-l225.jpg
无基准,,69.82,80,49.0,Olympus Stylus Epic Zoom 80 35mm Point & Shoot Film Camera,olympus stylus epic 80,Olympus,Film Cameras,Used,0.0,USD,AUCTION,grail:Stylus Epic;auction,CA,franki440,100.0,2026-08-12T07:04:23.000Z,2026-08-19T07:04:23.000Z,https://www.ebay.ca/itm/800495310829?hash=itemba613d17ed:g:4cYAAeSwIOxqHwrt,https://i.ebayimg.com/images/g/4cYAAeSwIOxqHwrt/s-l225.jpg
抄底,-53%,69.69,9,48.0,TAMRON F2.8 135 mm Prime Lens M42 Screw Mount BARR Multi Coating For Film or Dig,tamron m42 135mm f2.8,Tamron,Lenses,Used,32.5,CAD,"FIXED_PRICE,BEST_OFFER",mount:ltm/l39,CA,dit_rich,100.0,2026-08-13T01:34:35.000Z,,https://www.ebay.ca/itm/278274516740?hash=item40ca742704:g:QTkAAeSwCz5qfR8P,https://i.ebayimg.com/images/g/QTkAAeSwCz5qfR8P/s-l225.jpg
偏高,+34%,112.05,80,47.0,Pentax K1000 35mm Film Camera,pentax k1000,Pentax,Film Cameras,Used,150.0,CAD,FIXED_PRICE,grail:K1000,CA,canada06blue,99.4,2026-08-13T02:35:04.000Z,,https://www.ebay.ca/itm/168609592831?hash=item2741ea35ff:g:feQAAeSwPd5qfSu4,https://i.ebayimg.com/images/g/feQAAeSwPd5qfSu4/s-l225.jpg
超值,-28%,178.17,63,46.0,Konica Hexagon AR 35mm F2.8 Wide Angle Lens for Autoreflex - Clean,konica 35mm f2.8,Konica,Lenses,Used,128.0,CAD,"FIXED_PRICE,BEST_OFFER",,CA,intofoc.usmontreal,98.2,2026-08-13T02:24:48.000Z,,https://www.ebay.ca/itm/267755587288?hash=item3e577a06d8:g:V~sAAeSws4lqfSdB,https://i.ebayimg.com/images/g/V~sAAeSws4lqfSdB/s-l225.jpg
高价,+81%,62.66,80,45.0,Minolta SRT200 35mm Fim Camera w/ Minolta MD 50mm 1:2 Lens SRT 200,minolta srt200,Minolta,Film Cameras,Used,113.19,CAD,FIXED_PRICE,grail:SRT200;mount:minolta md,CA,encoreforyou,97.6,2026-08-12T06:33:13.000Z,,https://www.ebay.ca/itm/178398749386?hash=item298964e2ca:g:a5oAAOSwriJle5jA,https://i.ebayimg.com/images/g/a5oAAOSwriJle5jA/s-l225.jpg
高价,+49%,639.8,80,45.0,EX+++ Carl Zeiss ZM 50mm f1.5 T* C Sonnar Leica M Mount Standard Filter Warranty,zeiss sonnar 50mm f1.5,Zeiss,Lenses,Used,949.99,CAD,"FIXED_PRICE,BEST_OFFER",grail:Sonnar;mount:leica m,CA,fullphoto,100.0,2026-08-12T17:45:39.000Z,,https://www.ebay.ca/itm/267755203043?hash=item3e577429e3:g:9EUAAeSwY5dqfLBg,https://i.ebayimg.com/images/g/9EUAAeSwY5dqfLBg/s-l225.jpg
抄底,-48%,67.5,20,44.0,Fujifilm Finepix S1600 12.0 MP 12x Zoom Digital Camera DIGICAM WORKING TESTED,fujifilm s1600,Fujifilm,Digital Cameras,Used,34.85,CAD,"FIXED_PRICE,BEST_OFFER",,CA,phiint_74,99.7,2026-08-12T14:20:33.000Z,,https://www.ebay.ca/itm/168608291902?hash=item2741d65c3e:g:NWQAAeSwogFqPJDO,https://i.ebayimg.com/images/g/NWQAAeSwogFqPJDO/s-l225.jpg
偏低,-13%,262.09,69,43.0,Beautiful Canon FL 58mm F1.2 Ultra Bright Prime Lens - Ideal for Cine & Portrait,canon fl 58mm f1.2,Canon,Lenses,Used,228.0,CAD,"FIXED_PRICE,BEST_OFFER",mount:canon fd;58mm,CA,intofoc.usmontreal,98.2,2026-08-13T02:39:35.000Z,,https://www.ebay.ca/itm/267755599380?hash=item3e577a3614:g:XX4AAeSw2SRqfSy7,https://i.ebayimg.com/images/g/XX4AAeSw2SRqfSy7/s-l225.jpg
超值,-38%,55.69,32,40.0,Pentax Auto Chinon 1:1.9 50mm Camera Lens With Front Cap Made In Japan,pentax 50mm f1.9,Pentax,Lenses,Used,34.28,CAD,"FIXED_PRICE,BEST_OFFER",,CA,happydealgarden,100.0,2026-08-12T15:35:30.000Z,,https://www.ebay.ca/itm/287520810605?hash=item42f193666d:g:kgkAAeSw5rxoS03-,https://i.ebayimg.com/images/g/kgkAAeSw5rxoS03-/s-l225.jpg
偏低,-24%,556.78,80,40.0,Fujifilm Fujinon XF 10-24mm F/4-22 OIS R Lens,fujifilm 10-24mm f4,Fujifilm,Lenses,Used,422.57,CAD,"FIXED_PRICE,BEST_OFFER",mount:fuji x,CA,calmeta_0,100.0,2026-08-12T14:57:33.000Z,,https://www.ebay.ca/itm/178399878288?hash=item2989761c90:g:bccAAeSwZoJqfIkL,https://i.ebayimg.com/images/g/bccAAeSwZoJqfIkL/s-l225.jpg
偏低,-24%,1178.92,29,40.0,Canon RF 800mm f/11 IS STM Super Telephoto Lens,canon rf 800mm f11,Canon,Lenses,Used,900.0,CAD,FIXED_PRICE,mount:canon rf,CA,gabiminou,0.0,2026-08-12T23:11:53.000Z,,https://www.ebay.ca/itm/287521462559?hash=item42f19d591f:g:kQgAAeSw0KxqfPrQ,https://i.ebayimg.com/images/g/kQgAAeSw0KxqfPrQ/s-l225.jpg
高价,+131%,84.34,36,39.0,"Olympus Stylus Epic Zoom 115 35mm Point & Shoot Camera, Excellent Condition",olympus stylus epic 115,Olympus,Film Cameras,Used,195.0,CAD,FIXED_PRICE,grail:Stylus Epic,CA,homeauctions,98.3,2026-08-12T23:28:13.000Z,,https://www.ebay.ca/itm/137614635938?hash=item200a78b3a2:g:RG8AAeSwU79qfQE2,https://i.ebayimg.com/images/g/RG8AAeSwU79qfQE2/s-l225.jpg
无基准,,30.15,80,38.0,Canon T70 35mm Film FD Lens Mount SLR Camera,canon t70,Canon,Film Cameras,Used,0.0,USD,"AUCTION,BEST_OFFER",mount:canon fd;auction,CA,morrbret.wxwvp,100.0,2026-08-12T12:42:25.000Z,2026-08-22T12:42:25.000Z,https://www.ebay.ca/itm/178399537657?hash=item298970e9f9:g:DaoAAOSwGqNk6kEi,https://i.ebayimg.com/images/g/DaoAAOSwGqNk6kEi/s-l225.jpg
偏低,-21%,39.0,33,38.0,Pentax PC-55 30mm Lens Point & Shoot Camera W Case + Batteries - TESTED,pentax pc-55,Pentax,Film Cameras,Used,30.6,CAD,"FIXED_PRICE,BEST_OFFER",,CA,delmer3,99.3,2026-08-12T16:20:43.000Z,,https://www.ebay.ca/itm/278273240155?hash=item40ca60ac5b:g:PrQAAeSwtGBqfJzs,https://i.ebayimg.com/images/g/PrQAAeSwtGBqfJzs/s-l225.jpg
无基准,,195.14,80,38.0,LENSBABY VELVET 85mm f/1.8 FOR CANON EF-MOUNT - Barely Used,canon ef 85mm f1.8,Canon,Lenses,Open box,600.0,CAD,"FIXED_PRICE,AUCTION",mount:canon ef;auction,CA,jasbirvirdi1,0.0,2026-08-12T19:56:58.000Z,2026-08-22T19:56:58.000Z,https://www.ebay.ca/itm/168608883653?hash=item2741df63c5:g:i0gAAeSwNRxqYnFB,https://i.ebayimg.com/images/g/i0gAAeSwNRxqYnFB/s-l225.jpg
无基准,,1421.35,36,38.0,Fujifilm Fujinon XF 400mm f/4.5-5.6 Lens,fujifilm 400mm f4.5,Fujifilm,Lenses,Used,1291.09,CAD,"FIXED_PRICE,AUCTION",mount:fuji x;auction,CA,bra-382,0.0,2026-08-12T17:47:06.000Z,2026-08-19T17:47:06.000Z,https://www.ebay.ca/itm/398278310360?hash=item5cbb3cb9d8:g:IykAAeSw~bxqfK9N,https://i.ebayimg.com/images/g/IykAAeSw~bxqfK9N/s-l225.jpg
无基准,,408.47,80,38.0,Used Canon EF 24-70mm f/2.8 L II USM,canon ef 24-70mm f2.8,Canon,Lenses,Used,1417.55,CAD,"FIXED_PRICE,AUCTION",mount:canon ef;auction,CA,jatomchuk,100.0,2026-08-12T17:08:15.000Z,2026-08-22T17:08:15.000Z,https://www.ebay.ca/itm/117355668846?hash=item1b52f1656e:g:WNwAAeSwXI1qfKgM,https://i.ebayimg.com/images/g/WNwAAeSwXI1qfKgM/s-l225.jpg
超值,-29%,130.1,53,34.0,Canon PowerShot SD300 Digital ELPH 4MP Compact Camera Silver NO BATTERY *READ*,canon sd300,Canon,Digital Cameras,Used,92.86,CAD,"FIXED_PRICE,BEST_OFFER",,CA,dustyroadgoods,99.4,2026-08-13T04:05:42.000Z,,https://www.ebay.ca/itm/398279880777?hash=item5cbb54b049:g:Of4AAeSwk-9qfUJw,https://i.ebayimg.com/images/g/Of4AAeSwk-9qfUJw/s-l225.jpg
超值,-31%,146.02,80,34.0,Canon PowerShot 14.1MP Digital Point-And-Shoot Camera SX30 IS,canon sx30,Canon,Digital Cameras,Used,99.99,CAD,FIXED_PRICE,,CA,paymore_kitchener,99.6,2026-08-13T02:17:49.000Z,,https://www.ebay.ca/itm/137615083168?hash=item200a7f86a0:g:5ekAAeSwCYxqfSfh,https://i.ebayimg.com/images/g/5ekAAeSwCYxqfSfh/s-l225.jpg
超值,-30%,250.93,76,34.0,Canon PowerShot A3300 IS Compact Digital Camera Silver 16.0MP 5x Zoom Tested,canon a3300,Canon,Digital Cameras,Used,175.56,CAD,"FIXED_PRICE,BEST_OFFER",,CA,rasecdiamond,99.8,2026-08-13T02:44:04.000Z,,https://www.ebay.ca/itm/358920054130?hash=item53914d6572:g:LUkAAeSwWUhqfRgq,https://i.ebayimg.com/images/g/LUkAAeSwWUhqfRgq/s-l225.jpg
合理,+6%,377.52,54,34.0,Minolta MD W.Rokkor-X 35mm f/1.8 Wide Angle Manual Focus Lens,minolta rokkor 35mm f1.8,Minolta,Lenses,Used,399.99,CAD,"FIXED_PRICE,BEST_OFFER",mount:minolta md,CA,friperie-urbaine,100.0,2026-08-12T18:47:25.000Z,,https://www.ebay.ca/itm/377413309545?hash=item57df961469:g:NU0AAeSwtH5qfL9G,https://i.ebayimg.com/images/g/NU0AAeSwtH5qfL9G/s-l225.jpg
超值,-28%,968.03,80,34.0,"Nikon Z30 Kit with 16-50mm, in factory box, only 525 shots",nikon z30,Nikon,Digital Cameras,Used,699.0,CAD,FIXED_PRICE,,CA,michaelc6819,100.0,2026-08-12T20:42:45.000Z,,https://www.ebay.ca/itm/206486184039?hash=item3013892067:g:POMAAeSwP~VqfNmc,https://i.ebayimg.com/images/g/POMAAeSwP~VqfNmc/s-l225.jpg
无基准,,30.15,80,32.0,canon t70 35mm slr film camera,canon t70,Canon,Film Cameras,Used,0.0,USD,"AUCTION,BEST_OFFER",auction,CA,morrbret.wxwvp,100.0,2026-08-12T12:20:14.000Z,2026-08-22T12:20:14.000Z,https://www.ebay.ca/itm/178399477668?hash=item29896fffa4:g:yXkAAOSwSA1lMyUY,https://i.ebayimg.com/images/g/yXkAAOSwSA1lMyUY/s-l225.jpg
偏低,-19%,310.18,36,32.0,Canon PowerShot A630 8.0 MP Digital Camera 8MP 4x Optical Zoom Silver near Mint,canon a630,Canon,Digital Cameras,Used,250.0,CAD,"FIXED_PRICE,BEST_OFFER",good-cond,CA,neex,100.0,2026-08-12T17:17:39.000Z,,https://www.ebay.ca/itm/257676463826?hash=item3bfeb6ced2:g:7RYAAeSwEx9qfKDh,https://i.ebayimg.com/images/g/7RYAAeSwEx9qfKDh/s-l225.jpg
偏高,+18%,38.5,80,30.0,Minolta X-370 35MM Film SLR Camera With 50mm f/2.0 Lens Tested,minolta x-370,Minolta,Film Cameras,Used,45.5,CAD,"FIXED_PRICE,BEST_OFFER",,CA,dit_rich,100.0,2026-08-13T01:09:50.000Z,,https://www.ebay.ca/itm/278274451111?hash=item40ca7326a7:g:06sAAeSwUp5qfRhc,https://i.ebayimg.com/images/g/06sAAeSwUp5qfRhc/s-l225.jpg
偏低,-14%,69.69,13,30.0,Konica Zoom-Hexanon AF 80-200mm F4 with Konica AR Mount - Clean & Works,konica hexanon 80-200mm f4,Konica,Lenses,Used,59.95,CAD,"FIXED_PRICE,BEST_OFFER",,CA,vendingfams,99.4,2026-08-12T21:09:24.000Z,,https://www.ebay.ca/itm/358919057352?hash=item53913e2fc8:g:YyAAAeSw1ihqU-wK,https://i.ebayimg.com/images/g/YyAAAeSw1ihqU-wK/s-l225.jpg
偏低,-20%,87.97,8,30.0,Yashica Vintage ML Zoom 35-105mm f3.5-4.5 Vintage Lens Contax-Yashica Film,yashica 35-105mm f3.5,Yashica,Lenses,Used,69.99,CAD,"FIXED_PRICE,BEST_OFFER",,CA,btlbryan,99.7,2026-08-12T14:00:03.000Z,,https://www.ebay.ca/itm/318718720555?hash=item4a351dba2b:g:N6YAAeSw5ctqfHxH,https://i.ebayimg.com/images/g/N6YAAeSw5ctqfHxH/s-l225.jpg
偏低,-19%,652.5,64,30.0,Sigma Zoom Lens 18-35mm f/1.8 FE For Canon EF Mount Auto & Manual Lens,sigma ef 18-35mm f1.8,Sigma,Lenses,Used,524.99,CAD,FIXED_PRICE,mount:canon ef,CA,paymoresurrey,98.2,2026-08-12T18:05:24.000Z,,https://www.ebay.ca/itm/407139575236?hash=item5ecb68e5c4:g:qTYAAeSwyJFqfLEs,https://i.ebayimg.com/images/g/qTYAAeSwyJFqfLEs/s-l225.jpg
偏低,-13%,3349.99,31,30.0,Sony FE 12-24mm f/2.8 GM Ultra-Wide Zoom Lens - excellent condition,sony 12-24mm f2.8,Sony,Lenses,Used,2900.0,CAD,"FIXED_PRICE,BEST_OFFER",mount:sony e,CA,jogilvie1999,100.0,2026-08-12T12:41:22.000Z,,https://www.ebay.ca/itm/287520582845?hash=item42f18fecbd:g:18AAAeSwVNpqepk8,https://i.ebayimg.com/images/g/18AAAeSwVNpqepk8/s-l225.jpg
无基准,,88.34,8,28.0,Nikon Pronea 600i With 25-70 Lens,nikon 600i,Nikon,Film Cameras,Used,0.0,USD,"AUCTION,BEST_OFFER",auction,CA,morrbret.wxwvp,100.0,2026-08-12T12:38:31.000Z,2026-08-22T12:38:31.000Z,https://www.ebay.ca/itm/178399532035?hash=item298970d403:g:YjQAAeSwxoVn8Ycs,https://i.ebayimg.com/images/g/YjQAAeSwxoVn8Ycs/s-l225.jpg
偏低,-13%,28.68,80,28.0,Canada Kodak Brownie Reflex Synchro Film Camera with Box Vintage,kodak brownie,Kodak,Vintage Cameras,,25.0,CAD,"FIXED_PRICE,BEST_OFFER",,CA,canadian-collectables2,100.0,2026-08-12T15:21:41.000Z,,https://www.ebay.ca/itm/257676301451?hash=item3bfeb4548b:g:JUQAAeSwhKZqfI48,https://i.ebayimg.com/images/g/JUQAAeSwhKZqfI48/s-l225.jpg
合理,+10%,34.81,80,28.0,Hanimex Automatic Zoom MC 28-80mm f/3.5-4.5 Lens Nikon F Mount Good Condition,nikon 28-80mm f3.5,Nikon,Lenses,Used,38.39,CAD,"FIXED_PRICE,BEST_OFFER",mount:nikon f,CA,miggysrediscoveredgoods,100.0,2026-08-12T09:42:13.000Z,,https://www.ebay.ca/itm/398277124068?hash=item5cbb2a9fe4:g:isQAAeSwoH1p25Jb,https://i.ebayimg.com/images/g/isQAAeSwoH1p25Jb/s-l225.jpg
高价,+187%,20.91,80,28.0,Minolta XG1 Film Camera w MD Rokkor-X 45mm 1:2 Lens w manual,minolta xg1,Minolta,Film Cameras,Used,60.0,CAD,FIXED_PRICE,mount:minolta md,CA,bdeermeet,100.0,2026-08-12T13:25:00.000Z,,https://www.ebay.ca/itm/158180291323?hash=item24d447b2fb:g:mDwAAeSw2lNpkOPf,https://i.ebayimg.com/images/g/mDwAAeSw2lNpkOPf/s-l225.jpg
高价,+203%,33.01,80,28.0,Minolta MD 28mm f/2.8 Prime Lens - Excellent Used - Film Camera,minolta f/2.8,Minolta,Film Cameras,Used,100.0,CAD,"FIXED_PRICE,BEST_OFFER",mount:minolta md,CA,418flashauto,98.8,2026-08-13T03:14:58.000Z,,https://www.ebay.ca/itm/117356494914?hash=item1b52fe0042:g:o4IAAeSwp49qfTcu,https://i.ebayimg.com/images/g/o4IAAeSwp49qfTcu/s-l225.jpg
合理,+1%,147.19,80,28.0,Clean SMC Super Multi Coated Pentax Takumar 105mm F2.8 Telephoto Portrait Lens,pentax takumar 105mm f2.8,Pentax,Lenses,Used,148.0,CAD,"FIXED_PRICE,BEST_OFFER",,CA,intofoc.usmontreal,98.2,2026-08-13T02:42:55.000Z,,https://www.ebay.ca/itm/257677240099?hash=item3bfec2a723:g:OjsAAeSwWQxqfS6H,https://i.ebayimg.com/images/g/OjsAAeSwWQxqfS6H/s-l225.jpg
偏低,-11%,336.39,38,28.0,Olympus Evolt E620 12.3MP Live MOS Digital SLR with 14-42mm f/3.5-5.6 Zuiko Lens,olympus e620,Olympus,Digital Cameras,Used,299.99,CAD,"FIXED_PRICE,BEST_OFFER",mount:olympus om,CA,zedscollectibles,100.0,2026-08-12T10:18:51.000Z,,https://www.ebay.ca/itm/158179857528?hash=item24d4411478:g:OhoAAeSwbkZpDAft,https://i.ebayimg.com/images/g/OhoAAeSwbkZpDAft/s-l225.jpg
偏低,-19%,680.16,80,28.0,Olympus OM SYSTEM TG-7 4K Video Waterproof Digital Camera + Flash Diffuser FD-1,olympus tg-7,Olympus,Digital Cameras,Used,549.0,CAD,"FIXED_PRICE,BEST_OFFER",mount:canon fd,CA,thriftons,100.0,2026-08-12T10:20:24.000Z,,https://www.ebay.ca/itm/287520415489?hash=item42f18d5f01:g:XVMAAeSwPoZqfEfR,https://i.ebayimg.com/images/g/XVMAAeSwPoZqfEfR/s-l225.jpg
高价,+261%,224.31,80,28.0,MINT Nikon Nikkor Z 85mm f1.8 S Prime Short Telephoto Portrait lens with Filter,nikon nikkor 85mm f1.8,Nikon,Lenses,Used,809.99,CAD,"FIXED_PRICE,BEST_OFFER",mount:nikon f;good-cond,CA,fullphoto,100.0,2026-08-12T17:32:36.000Z,,https://www.ebay.ca/itm/278273414922?hash=item40ca63570a:g:jJoAAeSwvFVqfK3L,https://i.ebayimg.com/images/g/jJoAAeSwvFVqfK3L/s-l225.jpg
高价,+478%,181.71,80,28.0,MINT Nikon Nikkor Z MC 105mm f2.8 VR S Prime Telephoto Portrait Macro and Filter,nikon nikkor 105mm f2.8,Nikon,Lenses,Used,1049.99,CAD,"FIXED_PRICE,BEST_OFFER",mount:nikon f;good-cond,CA,fullphoto,100.0,2026-08-12T17:37:14.000Z,,https://www.ebay.ca/itm/278273419299?hash=item40ca636823:g:t2QAAeSw3lhqfK6e,https://i.ebayimg.com/images/g/t2QAAeSw3lhqfK6e/s-l225.jpg
偏高,+37%,273.26,80,27.0,"Nikon D3300 AF-S DX NIKKOR 18-55mm VR II - bag, charger, batt 6 filter kit, mint",nikon d3300,Nikon,Digital Cameras,Used,375.0,CAD,"FIXED_PRICE,BEST_OFFER",mount:nikon f;55mm;good-cond,CA,neex,100.0,2026-08-12T14:52:03.000Z,,https://www.ebay.ca/itm/257676264456?hash=item3bfeb3c408:g:vAwAAeSwFplqfIRm,https://i.ebayimg.com/images/g/vAwAAeSwFplqfIRm/s-l225.jpg
合理,-1%,96.16,76,26.0,NIKON COOLPIX L24 14.0 MP 3.6X ZOOM DIGITAL CAMERA - BLACK - Tested Near mint,nikon l24,Nikon,Digital Cameras,Used,95.0,CAD,FIXED_PRICE,good-cond,CA,bubba-games,99.2,2026-08-13T05:29:21.000Z,,https://www.ebay.ca/itm/206487131221?hash=item3013979455:g:8JUAAeSwOjlqfVX~,https://i.ebayimg.com/images/g/8JUAAeSwOjlqfVX~/s-l225.jpg
合理,-1%,209.11,24,26.0,【TOP MINT】Olympus C-8080 Wide Zoom Digital Camera 8MP 7.1-35.6 mm -Black -Tested,olympus c-8080,Olympus,Digital Cameras,Used,207.72,CAD,"FIXED_PRICE,BEST_OFFER",good-cond,CA,beccafinds,100.0,2026-08-13T04:42:22.000Z,,https://www.ebay.ca/itm/366602403160?hash=item555b34bd58:g:zkkAAeSwO6xpsfyB,https://i.ebayimg.com/images/g/zkkAAeSwO6xpsfyB/s-l225.jpg
偏高,+16%,224.0,80,26.0,Nikon DX VR AF-S Nikkor 18-140mm 1:3.5-5.6G ED IF Aspherical,nikon nikkor 18-140mm f3.5,Nikon,Lenses,Used,259.99,CAD,"FIXED_PRICE,BEST_OFFER",mount:nikon f,CA,callthe_73,100.0,2026-08-12T16:48:35.000Z,,https://www.ebay.ca/itm/178400094720?hash=item2989796a00:g:etIAAeSwcPVo6WDD,https://i.ebayimg.com/images/g/etIAAeSwcPVo6WDD/s-l225.jpg
偏高,+32%,227.18,80,26.0,Nikon AF-S NIKKOR 24-85mm F3.5-4.5G ED VR Zoom Lens,nikon nikkor 24-85mm f3.5,Nikon,Lenses,Used,300.0,CAD,"FIXED_PRICE,BEST_OFFER",mount:nikon f,CA,fitzpatrickpaul,100.0,2026-08-13T02:37:03.000Z,,https://www.ebay.ca/itm/147501185990?hash=item2257c17bc6:g:7rgAAeSwiodqfSz6,https://i.ebayimg.com/images/g/7rgAAeSwiodqfSz6/s-l225.jpg
偏低,-21%,48.73,13,24.0,Yashica Kyocera AF 35-70mm Macro Lens | f/3.5-4.5 | Cap + Rubber Hood,yashica 35-70mm f3.5,Yashica,Lenses,Used,38.39,CAD,"FIXED_PRICE,BEST_OFFER",,CA,miggysrediscoveredgoods,100.0,2026-08-12T10:02:12.000Z,,https://www.ebay.ca/itm/398277176907?hash=item5cbb2b6e4b:g:CVsAAeSwICVp25dI,https://i.ebayimg.com/images/g/CVsAAeSwICVp25dI/s-l225.jpg
超值,-26%,88.0,17,24.0,"Panasonic Lumix CCD Digital Camera. Blue DMC-FX10 W Box No Battery, Tested Works",panasonic dmc-fx10,Panasonic,Digital Cameras,Used,65.0,CAD,"FIXED_PRICE,BEST_OFFER",,CA,ohrights,100.0,2026-08-12T14:08:56.000Z,,https://www.ebay.ca/itm/227472990065?hash=item34f6725f71:g:dJ8AAeSwIGNqfHtQ,https://i.ebayimg.com/images/g/dJ8AAeSwIGNqfHtQ/s-l225.jpg
偏低,-10%,220.38,76,24.0,Tamron SP 500mm 1:8 BBAR MC 55B Mirror Lens Konica AR Mount,tamron 500mm f8,Tamron,Lenses,Used,199.0,CAD,"FIXED_PRICE,BEST_OFFER",,CA,vendingfams,99.4,2026-08-12T21:09:24.000Z,,https://www.ebay.ca/itm/358919057292?hash=item53913e2f8c:g:gvwAAeSwusNqU-ou,https://i.ebayimg.com/images/g/gvwAAeSwusNqU-ou/s-l225.jpg
超值,-30%,911.86,50,24.0,Sony Cyber-shot DSC-HX99 Compact Digital Camera Black 30x Optical Zoom Wi-Fi,sony dsc-hx99,Sony,Digital Cameras,Used,640.0,CAD,FIXED_PRICE,,CA,pailex,100.0,2026-08-13T02:19:40.000Z,,https://www.ebay.ca/itm/178401406284?hash=item29898d6d4c:g:9moAAeSwNSNqfSf3,https://i.ebayimg.com/images/g/9moAAeSwNSNqfSf3/s-l225.jpg
合理,+11%,652.5,64,24.0,Sigma 18-35mm f/1.8 DC HSM Art Lens for Canon EF with Case - OPEN BOX,sigma ef 18-35mm f1.8,Sigma,Lenses,Open box,724.86,CAD,FIXED_PRICE,mount:canon ef,CA,levelupexchange,97.7,2026-08-12T17:18:04.000Z,,https://www.ebay.ca/itm/137613618753?hash=item200a692e41:g:gGQAAeSwk71qfKj1,https://i.ebayimg.com/images/g/gGQAAeSwk71qfKj1/s-l225.jpg
偏高,+19%,117.26,80,23.0,Konica Macro HEXANON AR 55mm f/3.5 Lens AR Mount With AR Adapter,konica hexanon 55mm f3.5,Konica,Lenses,Used,139.0,CAD,"FIXED_PRICE,BEST_OFFER",55mm,CA,vendingfams,99.4,2026-08-12T21:09:24.000Z,,https://www.ebay.ca/itm/358919057397?hash=item53913e2ff5:g:HR8AAeSwpAlqU-t1,https://i.ebayimg.com/images/g/HR8AAeSwpAlqU-t1/s-l225.jpg
偏低,-17%,31.8,40,22.0,Olympus FE-100 4.0MP Compact Digital Camera Video Silver Tested Working,olympus fe-100,Olympus,Digital Cameras,Used,26.3,CAD,"FIXED_PRICE,BEST_OFFER",mount:sony e,CA,zenkatcanada,99.3,2026-08-13T05:34:37.000Z,,https://www.ebay.ca/itm/298583835961?hash=item4584fbc539:g:tfcAAeSwXUxn45RN,https://i.ebayimg.com/images/g/tfcAAeSwXUxn45RN/s-l225.jpg
高价,+187%,13.94,80,22.0,"Canon Sure Shot BF, Point and Shoot, 35mm Film Camera, Tested",canon sure shot,Canon,Film Cameras,Used,40.0,CAD,"FIXED_PRICE,BEST_OFFER",,CA,brooksie_71,99.6,2026-08-12T04:49:11.000Z,,https://www.ebay.ca/itm/287520015759?hash=item42f187458f:g:Lo0AAeSwfWln-s4o,https://i.ebayimg.com/images/g/Lo0AAeSwfWln-s4o/s-l225.jpg
高价,+78%,28.01,80,22.0,Konica Autoreflex T3 35mm Camera Body - Works,konica autoreflex,Konica,Film Cameras,Used,49.95,CAD,"FIXED_PRICE,BEST_OFFER",,CA,vendingfams,99.4,2026-08-12T21:09:24.000Z,,https://www.ebay.ca/itm/358919057310?hash=item53913e2f9e:g:swkAAeSwUC5qU-4J,https://i.ebayimg.com/images/g/swkAAeSwUC5qU-4J/s-l225.jpg
高价,+60%,34.33,16,22.0,Minolta Freedom III 35mm Point & Shoot Film Camera 35mm,minolta freedom iii,Minolta,Film Cameras,Used,54.97,CAD,FIXED_PRICE,,CA,frumentiu,99.1,2026-08-12T22:27:32.000Z,,https://www.ebay.ca/itm/267755419838?hash=item3e577778be:g:rZAAAeSw2hxqKttU,https://i.ebayimg.com/images/g/rZAAAeSw2hxqKttU/s-l225.jpg
高价,+114%,26.27,80,22.0,"- Minolta Maxxum 400si Minolta AF 35-80mm Lens With Bag, No Baterry",minolta 400si,Minolta,Film Cameras,Used,56.31,CAD,FIXED_PRICE,,CA,encoreforyou,97.6,2026-08-12T07:39:05.000Z,,https://www.ebay.ca/itm/178398884868?hash=item298966f404:g:FqYAAOSwuIRlfPFu,https://i.ebayimg.com/images/g/FqYAAOSwuIRlfPFu/s-l225.jpg
高价,+46%,39.03,80,22.0,🔥Fujifilm Instax Mini 11 Instant Camera - Purple-With Carrying Case- TESTED!,fujifilm instax 11,Fujifilm,Film Cameras,Used,56.99,CAD,FIXED_PRICE,,CA,albertabargains,100.0,2026-08-13T00:04:13.000Z,,https://www.ebay.ca/itm/257677023087?hash=item3bfebf576f:g:L~oAAOSwlNNnDcua,https://i.ebayimg.com/images/g/L~oAAOSwlNNnDcua/s-l225.jpg
高价,+114%,35.02,80,22.0,Fujifilm instax mini 12 Instant Camera - Blossom Pink,fujifilm instax 12,Fujifilm,Film Cameras,Used,75.0,CAD,"FIXED_PRICE,BEST_OFFER",,CA,e_and06,99.4,2026-08-13T00:15:51.000Z,,https://www.ebay.ca/itm/278274335329?hash=item40ca716261:g:52gAAeSwfjZqfQw2,https://i.ebayimg.com/images/g/52gAAeSwfjZqfQw2/s-l225.jpg
高价,+92%,41.77,25,22.0,Canon Sure Shot AF-7 Owl 35mm Film Camera Tested Working w Canon Case,canon af-7,Canon,Film Cameras,Used,79.99,CAD,"FIXED_PRICE,BEST_OFFER",,CA,thefruga-84,99.6,2026-08-12T08:13:18.000Z,,https://www.ebay.ca/itm/398276887124?hash=item5cbb270254:g:FrIAAeSwOT5qe2Y7,https://i.ebayimg.com/images/g/FrIAAeSwOT5qe2Y7/s-l225.jpg
偏低,-19%,104.56,27,22.0,FujiFilm FinePix JX500 14MP 5x Optical Zoom Digital Camera Silver Battery Works,fujifilm jx500,Fujifilm,Digital Cameras,Used,85.0,CAD,FIXED_PRICE,,CA,technkix,100.0,2026-08-12T21:51:47.000Z,,https://www.ebay.ca/itm/227473380181?hash=item34f6785355:g:xxcAAeSwWUhqfOn7,https://i.ebayimg.com/images/g/xxcAAeSwWUhqfOn7/s-l225.jpg
高价,+221%,28.01,80,22.0,Konica Autoreflex TC 35mm Film SLR Camera + Hexanon AR 50mm f/1.7 Lens,konica autoreflex,Konica,Film Cameras,Used,89.9,CAD,"FIXED_PRICE,BEST_OFFER",,CA,toolrevival,0.0,2026-08-13T03:42:41.000Z,,https://www.ebay.ca/itm/287521792064?hash=item42f1a26040:g:cMoAAeSwY5dqfTtH,https://i.ebayimg.com/images/g/cMoAAeSwY5dqfTtH/s-l225.jpg
高价,+367%,20.34,80,22.0,Minolta AF Riva Zoom 70 35mm Point And Shoot Working W Case And Remote,minolta 70,Minolta,Film Cameras,Used,95.0,CAD,"FIXED_PRICE,BEST_OFFER",,CA,brooksie_71,99.6,2026-08-13T11:46:09.000Z,,https://www.ebay.ca/itm/287522480997?hash=item42f1ace365:g:CJYAAeSwLhRpZrsU,https://i.ebayimg.com/images/g/CJYAAeSwLhRpZrsU/s-l225.jpg
高价,+101%,48.79,80,22.0,Konica Hexagon AR 28mm Wide Angle Lens for Autoreflex - MINT & Complete,konica 28mm,Konica,Lenses,Used,98.0,CAD,"FIXED_PRICE,BEST_OFFER",good-cond,CA,intofoc.usmontreal,98.2,2026-08-13T02:26:39.000Z,,https://www.ebay.ca/itm/257677216803?hash=item3bfec24c23:g:E20AAeSwQzFqfSr7,https://i.ebayimg.com/images/g/E20AAeSwQzFqfSr7/s-l225.jpg
偏低,-25%,139.38,80,22.0,"Nikon Coolpix S33 13.2MP Waterproof Shockproof Digital Camera, 1GB SD, Case,",nikon s33,Nikon,Digital Cameras,Used,105.0,CAD,FIXED_PRICE,,CA,homeauctions,98.3,2026-08-12T22:03:03.000Z,,https://www.ebay.ca/itm/137614408479?hash=item200a753b1f:g:5AIAAeSw6glqfOxf,https://i.ebayimg.com/images/g/5AIAAeSw6glqfOxf/s-l225.jpg
偏低,-14%,138.72,80,22.0,Nikon COOLPIX L310 14.1 Digital Point And Shoot Camera,nikon l310,Nikon,Digital Cameras,Used,120.0,CAD,FIXED_PRICE,,CA,paymore_chinook,99.6,2026-08-12T21:01:14.000Z,,https://www.ebay.ca/itm/307123189701?hash=item4781f7f7c5:g:iVQAAeSwndBqfMpc,https://i.ebayimg.com/images/g/iVQAAeSwndBqfMpc/s-l225.jpg
高价,+583%,20.86,80,22.0,Minolta Maxxum 5000 AF 35mm SLR Camera 28-85mm Lens Flash Bag Manuals Kit,minolta 5000,Minolta,Film Cameras,Used,142.49,CAD,"FIXED_PRICE,BEST_OFFER",,CA,vintage-vault-kent,99.5,2026-08-12T15:30:19.000Z,,https://www.ebay.ca/itm/377412952773?hash=item57df90a2c5:g:dLgAAeSwhe1qHyjm,https://i.ebayimg.com/images/g/dLgAAeSwhe1qHyjm/s-l225.jpg
高价,+167%,55.75,19,22.0,Pentax PZ-20 35mm Film SLR Camera 35-80mm Lens Manuals Lowepro Bag Tested Works,pentax pz-20,Pentax,Film Cameras,Used,149.0,CAD,"FIXED_PRICE,BEST_OFFER",,CA,campbellscloset,100.0,2026-08-13T12:48:26.000Z,,https://www.ebay.ca/itm/307124480349?hash=item47820ba95d:g:GtwAAeSw76lqePi6,https://i.ebayimg.com/images/g/GtwAAeSw76lqePi6/s-l225.jpg
偏低,-17%,181.07,33,22.0,PENTAX OPTIO RZ10 14 MP 10X OPTICAL ZOOM DIGITAL CAMERA WITH CHARGER - WHITE,pentax rz10,Pentax,Digital Cameras,Used,149.75,CAD,FIXED_PRICE,,CA,bestsellersbookstore,99.9,2026-08-12T15:30:50.000Z,,https://www.ebay.ca/itm/800497386415?hash=itemba615cc3af:g:C2YAAeSwj19o4G2k,https://i.ebayimg.com/images/g/C2YAAeSwj19o4G2k/s-l225.jpg
偏低,-24%,196.17,81,22.0,CANON POWERSHOT SX400 IS 16.0 MP 30X OPTICAL ZOOM DIGITAL CAMERA + NEW CHARGER,canon sx400,Canon,Digital Cameras,Used,149.75,CAD,FIXED_PRICE,,CA,bestsellersbookstore,99.9,2026-08-12T15:30:50.000Z,,https://www.ebay.ca/itm/800497386447?hash=itemba615cc3cf:g:rCIAAeSwbuZoplkS,https://i.ebayimg.com/images/g/rCIAAeSwbuZoplkS/s-l225.jpg
高价,+111%,94.76,67,22.0,Olympus Infinity II Quartz Date 35mm P&S Film Camera w/ 35mm f/2.8 Lens- Tested,olympus infinity quartz,Olympus,Film Cameras,Used,200.0,CAD,FIXED_PRICE,,CA,nsrgbstudio,100.0,2026-08-13T13:10:56.000Z,,https://www.ebay.ca/itm/366603257870?hash=item555b41c80e:g:HtsAAeSwjRtqfcGA,https://i.ebayimg.com/images/g/HtsAAeSwjRtqfcGA/s-l225.jpg
偏低,-11%,291.03,80,22.0,"Canon PowerShot ELPH 190 IS 20MP Digital Camera w/10x Zoom, Case, 2 GB SD Card",canon 190,Canon,Digital Cameras,Used,260.0,CAD,FIXED_PRICE,,CA,homeauctions,98.3,2026-08-12T22:43:19.000Z,,https://www.ebay.ca/itm/137614495733?hash=item200a768ff5:g:anwAAeSwXRhqfPW-,https://i.ebayimg.com/images/g/anwAAeSwXRhqfPW-/s-l225.jpg
偏低,-11%,298.21,80,22.0,White Olympus PEN E-PL6 (Excellent condition),olympus e-pl6,Olympus,Digital Cameras,Used,265.0,CAD,FIXED_PRICE,,CA,thelazysplatapus7,0.0,2026-08-12T16:00:29.000Z,,https://www.ebay.ca/itm/407139339584?hash=item5ecb654d40:g:nW8AAeSw7-lqfJYC,https://i.ebayimg.com/images/g/nW8AAeSw7-lqfJYC/s-l225.jpg
偏低,-8%,294.42,80,22.0,Canon PowerShot SX240 HS Digital Camera - 12.1MP 20x Zoom,canon sx240,Canon,Digital Cameras,Used,270.0,CAD,"FIXED_PRICE,BEST_OFFER",,CA,mccbcthrift,100.0,2026-08-12T22:59:35.000Z,,https://www.ebay.ca/itm/137614539286?hash=item200a773a16:g:3n8AAeSw5UJqfO~X,https://i.ebayimg.com/images/g/3n8AAeSw5UJqfO~X/s-l225.jpg
偏低,-9%,1237.64,40,22.0,"Fujifilm X70 Compact Digi Camera | Great, Silver, Working!",fujifilm x70,Fujifilm,Digital Cameras,Used,1120.0,CAD,"FIXED_PRICE,BEST_OFFER",,CA,allygriffith,100.0,2026-08-12T18:35:55.000Z,,https://www.ebay.ca/itm/198566333299?hash=item2e3b79cb73:g:EhUAAeSwkVdqfLrr,https://i.ebayimg.com/images/g/EhUAAeSwkVdqfLrr/s-l225.jpg
高价,+489%,140.12,80,21.0,Minolta MD VFC 24mm f/2.8 Wide Angle Manual Focus Lens 55mm,minolta 24mm f2.8,Minolta,Lenses,Used,824.99,CAD,"FIXED_PRICE,BEST_OFFER",mount:minolta md;55mm,CA,friperie-urbaine,100.0,2026-08-12T18:43:53.000Z,,https://www.ebay.ca/itm/377413304675?hash=item57df960163:g:I3AAAeSwBVhqfL43,https://i.ebayimg.com/images/g/I3AAAeSwBVhqfL43/s-l225.jpg
超值,-31%,68.3,7,20.0,KODAK EASYSHARE C1013 10.3MP DIGITAL CAMERA TESTED WITH CASE,kodak c1013,Kodak,Digital Cameras,Used,47.33,CAD,FIXED_PRICE,,CA,tristantcg,98.9,2026-08-12T06:52:07.000Z,,https://www.ebay.ca/itm/398276676326?hash=item5cbb23cae6:g:-~4AAeSwaJdqfBfw,https://i.ebayimg.com/images/g/-~4AAeSwaJdqfBfw/s-l225.jpg
偏高,+15%,173.49,22,20.0,Polaroid SX-70 Land Camera Vintage Folding SLR Instant Camera - Working,polaroid sx-70,Polaroid,Vintage Cameras,,200.0,CAD,FIXED_PRICE,,CA,nsrgbstudio,100.0,2026-08-13T07:48:28.000Z,,https://www.ebay.ca/itm/366602684062?hash=item555b39069e:g:obUAAeSwLxRqfWnD,https://i.ebayimg.com/images/g/obUAAeSwLxRqfWnD/s-l225.jpg
合理,-2%,230.13,22,20.0,MINT - Sony Handycam CCD-TRV58 Camcorder Night Shot Analog Video Hi8 - TESTED -,sony handycam ccd-trv58,Sony,Camcorders,Used,224.95,CAD,"FIXED_PRICE,BEST_OFFER",good-cond,CA,northrailgoods,98.9,2026-08-12T10:33:34.000Z,,https://www.ebay.ca/itm/407138593362?hash=item5ecb59ea52:g:5icAAeSw3jFqY6Vv,https://i.ebayimg.com/images/g/5icAAeSw3jFqY6Vv/s-l225.jpg
无基准,,98.45,9,18.0,Polaroid One Step Close Up 636 Instant Film Camera Vintage Polaroid 600 Type,polaroid 636,Polaroid,Vintage Cameras,,0.0,USD,"AUCTION,BEST_OFFER",auction,CA,olekmoshk0,100.0,2026-08-13T07:00:43.000Z,2026-08-20T07:00:43.000Z,https://www.ebay.ca/itm/188785350299?hash=item2bf47bd69b:g:wDAAAeSwdG1qYbtx,https://i.ebayimg.com/images/g/wDAAAeSwdG1qYbtx/s-l225.jpg
高价,+109%,66.88,80,18.0,Nikon Series E 28mm f/2.8 Wide Angle Manual Focus Lens F Mount,nikon 28mm f2.8,Nikon,Lenses,Used,139.99,CAD,"FIXED_PRICE,BEST_OFFER",mount:nikon f,CA,306videogames,100.0,2026-08-13T09:24:04.000Z,,https://www.ebay.ca/itm/358921128628?hash=item53915dcab4:g:bZ8AAeSwHgFqe~Wn,https://i.ebayimg.com/images/g/bZ8AAeSwHgFqe~Wn/s-l225.jpg
高价,+255%,56.03,80,18.0,Canon EF 50mm f/1.8 II Standard Prime Lens for DSLR Cameras,canon ef 50mm f1.8,Canon,Lenses,Used,199.0,CAD,FIXED_PRICE,mount:canon ef,CA,go2globe.canada,100.0,2026-08-13T01:41:08.000Z,,https://www.ebay.ca/itm/128023804766?hash=item1dced03b5e:g:nosAAeSw3xtqfSBu,https://i.ebayimg.com/images/g/nosAAeSw3xtqfSBu/s-l225.jpg
高价,+86%,117.97,80,18.0,Nikon AF Nikkor 24mm f2.8 wide angle prime lens,nikon nikkor 24mm f2.8,Nikon,Lenses,Used,220.0,CAD,"FIXED_PRICE,BEST_OFFER",mount:nikon f,CA,fitzpatrickpaul,100.0,2026-08-13T02:48:01.000Z,,https://www.ebay.ca/itm/147501198644?hash=item2257c1ad34:g:VdEAAeSwNSNqfS9r,https://i.ebayimg.com/images/g/VdEAAeSwNSNqfS9r/s-l225.jpg
高价,+292%,70.06,80,18.0,nikon af nikkor 50mm f1.4 d,nikon nikkor 50mm f1.4,Nikon,Lenses,Used,275.0,CAD,"FIXED_PRICE,BEST_OFFER",mount:nikon f,CA,fitzpatrickpaul,100.0,2026-08-13T02:42:43.000Z,,https://www.ebay.ca/itm/147501193019?hash=item2257c1973b:g:r5kAAeSwvFVqfS46,https://i.ebayimg.com/images/g/r5kAAeSwvFVqfS46/s-l225.jpg
高价,+68%,225.72,80,18.0,Canon EF-S 10-18mm f/4.5-5.6 IS STM Ultra Wide Angle Lens for APS-C DSLR,canon ef-s 10-18mm f4.5,Canon,Lenses,Used,379.0,CAD,FIXED_PRICE,mount:canon ef,CA,go2globe.canada,100.0,2026-08-13T02:35:39.000Z,,https://www.ebay.ca/itm/128023863328?hash=item1dced12020:g:XXwAAeSw7DdqfS0d,https://i.ebayimg.com/images/g/XXwAAeSw7DdqfS0d/s-l225.jpg
合理,-3%,514.2,80,18.0,Sony SEL1018 4/10-18mm Interchangeable Wide Angle Lens APSC E-Mount,sony 10-18mm,Sony,Lenses,Used,499.0,CAD,"FIXED_PRICE,BEST_OFFER",,CA,cyrirbt88,100.0,2026-08-12T20:01:29.000Z,,https://www.ebay.ca/itm/287521148601?hash=item42f1988eb9:g:UFMAAeSwrZJqJcVu,https://i.ebayimg.com/images/g/UFMAAeSwrZJqJcVu/s-l225.jpg
高价,+577%,73.88,80,18.0,Minolta MD 50mm f/1.2 Fast Prime Manual Focus Lens Japan + Filters & Case,minolta 50mm f1.2,Minolta,Lenses,Used,499.99,CAD,"FIXED_PRICE,BEST_OFFER",mount:minolta md,CA,friperie-urbaine,100.0,2026-08-12T18:51:23.000Z,,https://www.ebay.ca/itm/377413319203?hash=item57df963a23:g:R~QAAeSwSJFqfMAc,https://i.ebayimg.com/images/g/R~QAAeSwSJFqfMAc/s-l225.jpg
高价,+230%,181.71,80,18.0,Used Nikon NIKKOR AF-S 105mm f/2.8 G Macro Micro Lens FX DX Close Up Prime Fixed,nikon nikkor 105mm f2.8,Nikon,Lenses,Used,599.99,CAD,FIXED_PRICE,mount:nikon f,CA,tcxd2010,100.0,2026-08-13T01:34:05.000Z,,https://www.ebay.ca/itm/147501084620?hash=item2257bfefcc:g:dl4AAeSwzchplKmH,https://i.ebayimg.com/images/g/dl4AAeSwzchplKmH/s-l225.jpg
高价,+77%,452.32,80,18.0,Nikon AF DC Nikkor 135mm f2 Defocus,nikon nikkor 135mm f2,Nikon,Lenses,Used,800.0,CAD,"FIXED_PRICE,BEST_OFFER",mount:nikon f,CA,fitzpatrickpaul,100.0,2026-08-13T02:30:47.000Z,,https://www.ebay.ca/itm/147501174196?hash=item2257c14db4:g:Aa8AAeSw~bxqfSp-,https://i.ebayimg.com/images/g/Aa8AAeSw~bxqfSp-/s-l225.jpg
高价,+596%,179.67,40,18.0,Fuji Fujifilm Fujinon X 50mm f1.0 R WR Prime Short Telephoto Portrait Lens Warra,fuji 50mm f1,Fuji,Lenses,Used,1249.99,CAD,"FIXED_PRICE,BEST_OFFER",mount:fuji x,CA,fullphoto,100.0,2026-08-12T17:18:10.000Z,,https://www.ebay.ca/itm/267755184300?hash=item3e5773e0ac:g:wcYAAeSwFU5qfKpY,https://i.ebayimg.com/images/g/wcYAAeSwFU5qfKpY/s-l225.jpg
无基准,,41.75,65,16.0,olympus fe-310 digital camera,olympus fe-310,Olympus,Digital Cameras,Used,0.0,USD,"AUCTION,BEST_OFFER",mount:sony e;auction,CA,morrbret.wxwvp,100.0,2026-08-12T12:35:02.000Z,2026-08-22T12:35:02.000Z,https://www.ebay.ca/itm/178399527309?hash=item298970c18d:g:aLkAAOSw29pneVcR,https://i.ebayimg.com/images/g/aLkAAOSw29pneVcR/s-l225.jpg
高价,+48%,20.32,80,16.0,Canon EOS Rebel 35mm SLR Film Camera Body,canon eos rebel,Canon,Film Cameras,Used,29.99,CAD,"FIXED_PRICE,BEST_OFFER",,CA,grate_findz,100.0,2026-08-12T12:00:01.000Z,,https://www.ebay.ca/itm/327304232487?hash=item4c34da3e27:g:TMgAAeSw0-xqUaLa,https://i.ebayimg.com/images/g/TMgAAeSw0-xqUaLa/s-l225.jpg
偏低,-24%,46.15,18,16.0,Fuji Finepix S1500 10MP Digital Camera Tested Working Great,fuji s1500,Fuji,Digital Cameras,Used,35.0,CAD,"FIXED_PRICE,BEST_OFFER",,CA,serseli_70,100.0,2026-08-13T04:30:36.000Z,,https://www.ebay.ca/itm/227473711811?hash=item34f67d62c3:g:jrUAAeSw1cJqfUeQ,https://i.ebayimg.com/images/g/jrUAAeSw1cJqfUeQ/s-l225.jpg
高价,+187%,13.94,80,16.0,Canon Sure Shot Joy 35mm Film Camera - Power On Tested,canon sure shot,Canon,Film Cameras,Used,39.99,CAD,FIXED_PRICE,,CA,albertabargains,100.0,2026-08-13T00:38:08.000Z,,https://www.ebay.ca/itm/257677085931?hash=item3bfec04ceb:g:ymoAAeSwvspqVEhH,https://i.ebayimg.com/images/g/ymoAAeSwvspqVEhH/s-l225.jpg
偏高,+21%,41.73,31,16.0,"Tamron 80-210mm F3.8-4 Telephoto Lens, Canon FD mount Zoom",tamron fd 80-210mm f3.8,Tamron,Lenses,Used,50.62,CAD,FIXED_PRICE,mount:canon fd,CA,encoreforyou,97.6,2026-08-12T07:29:56.000Z,,https://www.ebay.ca/itm/178398860789?hash=item29896695f5:g:DegAAOSwaLllfMLX,https://i.ebayimg.com/images/g/DegAAOSwaLllfMLX/s-l225.jpg
合理,+2%,53.71,49,16.0,Fujifilm FinePix S5200 5.1MP Digital Camera 10x Zoom - Case & Card Tested Works,fujifilm s5200,Fujifilm,Digital Cameras,Used,55.05,CAD,"FIXED_PRICE,BEST_OFFER",,CA,hugelhouse,99.1,2026-08-12T20:52:55.000Z,,https://www.ebay.ca/itm/398278863245?hash=item5cbb45298d:g:LOwAAeSwF~xqfNzQ,https://i.ebayimg.com/images/g/LOwAAeSwF~xqfNzQ/s-l225.jpg
合理,+9%,64.13,63,16.0,Nikon COOLPIX L12 7.1MP CCD Digital Camera Black Tested + 1GB SD Card + USB cable,nikon l12,Nikon,Digital Cameras,D'occasion,70.0,CAD,"FIXED_PRICE,BEST_OFFER",,CA,villeneuvesara,0.0,2026-08-12T21:21:20.000Z,,https://www.ebay.ca/itm/188783321011?hash=item2bf45cdfb3:g:PmMAAeSw0VlqRXkw,https://i.ebayimg.com/images/g/PmMAAeSw0VlqRXkw/s-l225.jpg
合理,+0%,75.0,9,16.0,Canon DC50 25x Optical Zoom DVD Camcorder Video Camera Tested,canon dc50,Canon,Camcorders,Used,75.0,CAD,"FIXED_PRICE,BEST_OFFER",,CA,brooksie_71,99.6,2026-08-12T04:42:12.000Z,,https://www.ebay.ca/itm/287520008209?hash=item42f1872811:g:zTIAAeSw6RVn-sxh,https://i.ebayimg.com/images/g/zTIAAeSw6RVn-sxh/s-l225.jpg
合理,-7%,97.56,80,16.0,Canon PowerShot A590 IS 8.0MP Camera - Gray - With Box Working,canon a590,Canon,Digital Cameras,Used,91.0,CAD,FIXED_PRICE,,CA,tristantcg,98.9,2026-08-12T06:24:55.000Z,,https://www.ebay.ca/itm/398276584002?hash=item5cbb226242:g:SkAAAeSwjZxqfBGV,https://i.ebayimg.com/images/g/SkAAAeSwjZxqfBGV/s-l225.jpg
合理,+7%,97.56,80,16.0,Canon PowerShot A590 IS Digital Camera 8.0MP 4x Zoom Silver 15GB Sd included,canon a590,Canon,Digital Cameras,Used,104.87,CAD,"FIXED_PRICE,BEST_OFFER",,CA,thegoodsale0,100.0,2026-08-12T12:38:43.000Z,,https://www.ebay.ca/itm/198565759069?hash=item2e3b71085d:g:y84AAeSwlC5qfGlS,https://i.ebayimg.com/images/g/y84AAeSwlC5qfGlS/s-l225.jpg
合理,+6%,118.41,80,16.0,Canon EOS 50D 15.1MP Digital SLR DSLR Camera,canon 50d,Canon,Digital Cameras,Used,124.99,CAD,FIXED_PRICE,,CA,paymore_kitchener,99.6,2026-08-12T11:50:05.000Z,,https://www.ebay.ca/itm/137612634731?hash=item200a5a2a6b:g:zAcAAeSwfjZqfDQ0,https://i.ebayimg.com/images/g/zAcAAeSwfjZqfDQ0/s-l225.jpg
合理,-2%,132.35,25,16.0,Canon PowerShot A800 10.0MP Digital Camera – Black – Tested Working,canon a800,Canon,Digital Cameras,Used,129.99,CAD,FIXED_PRICE,,CA,tristantcg,98.9,2026-08-12T06:10:52.000Z,,https://www.ebay.ca/itm/398276558462?hash=item5cbb21fe7e:g:rZkAAeSw0KxqfA5Z,https://i.ebayimg.com/images/g/rZkAAeSw0KxqfA5Z/s-l225.jpg
合理,-1%,167.09,64,16.0,Canon PowerShot SX130 IS 12.1MP Digital Camera 12x Zoom Tested w/ Lowepro Case,canon sx130,Canon,Digital Cameras,Used,164.99,CAD,"FIXED_PRICE,BEST_OFFER",,CA,306videogames,100.0,2026-08-13T08:35:40.000Z,,https://www.ebay.ca/itm/358921010904?hash=item53915bfed8:g:NbUAAeSw5Vxqe~Zy,https://i.ebayimg.com/images/g/NbUAAeSw5Vxqe~Zy/s-l225.jpg
合理,-4%,187.14,37,16.0,Canon PowerShot A1400 16MP 5x Zoom Digital Camera Box Manuals 4GB SD Tested,canon a1400,Canon,Digital Cameras,Used,179.99,CAD,"FIXED_PRICE,BEST_OFFER",,CA,thefruga-84,99.6,2026-08-13T05:02:49.000Z,,https://www.ebay.ca/itm/398279992875?hash=item5cbb56662b:g:z44AAeSwQGhqfU8M,https://i.ebayimg.com/images/g/z44AAeSwQGhqfU8M/s-l225.jpg
合理,+6%,189.16,80,16.0,Canon PowerShot Digital ELPH SD600 / Digital IXUS 60 6.0MP Digital Camera Tested,canon sd600,Canon,Digital Cameras,Used,199.99,CAD,FIXED_PRICE,,CA,themodernscavenger,100.0,2026-08-12T04:29:26.000Z,,https://www.ebay.ca/itm/318716650772?hash=item4a34fe2514:g:4vwAAeSwCsZqe~Gm,https://i.ebayimg.com/images/g/4vwAAeSwCsZqe~Gm/s-l225.jpg
合理,+10%,204.67,51,16.0,Nikon COOLPIX P530 16.1MP Digital Camera Black 42X Zoom 3 batt/charger/cable,nikon p530,Nikon,Digital Cameras,Used,225.0,CAD,"FIXED_PRICE,BEST_OFFER",,CA,neex,100.0,2026-08-12T19:29:23.000Z,,https://www.ebay.ca/itm/257676654521?hash=item3bfeb9b7b9:g:NCcAAeSwQzFqfMCc,https://i.ebayimg.com/images/g/NCcAAeSwQzFqfMCc/s-l225.jpg
合理,-1%,301.77,80,16.0,Canon EOS Rebel SL1 18.0MP Digital SLR DSLR Camera Lens Kit,canon sl1,Canon,Digital Cameras,Used,299.99,CAD,FIXED_PRICE,,CA,paymore_kitchener,99.6,2026-08-12T04:19:08.000Z,,https://www.ebay.ca/itm/137611482837?hash=item200a4896d5:g:xvcAAeSwQQxqe~PH,https://i.ebayimg.com/images/g/xvcAAeSwQQxqe~PH/s-l225.jpg
合理,-2%,918.07,41,16.0,Nikon D D3S 12.1 MP Digital SLR Camera - Black (Body Only),nikon d3s,Nikon,Digital Cameras,Used,900.0,CAD,"FIXED_PRICE,BEST_OFFER",,CA,fitzpatrickpaul,100.0,2026-08-13T01:55:38.000Z,,https://www.ebay.ca/itm/147501114217?hash=item2257c06369:g:yCcAAeSwQ0FqfSHN,https://i.ebayimg.com/images/g/yCcAAeSwQ0FqfSHN/s-l225.jpg
合理,+1%,2184.3,80,16.0,Nikon Z7 45MP Mirrorless Camera Body with Z 24-70mm f4 S Zoom 8K Act! Warranty,nikon z7,Nikon,Digital Cameras,Used,2199.99,CAD,"FIXED_PRICE,BEST_OFFER",,CA,fullphoto,100.0,2026-08-12T17:25:11.000Z,,https://www.ebay.ca/itm/278273384580?hash=item40ca62e084:g:u3sAAeSw5glqfKu9,https://i.ebayimg.com/images/g/u3sAAeSw5glqfKu9/s-l225.jpg
合理,-3%,411.25,8,14.0,Kodak Cine Ektar 25mm f1.4 C-mount + Kodak 25-15mm f1.4 Converter- Excellent,kodak 25mm f1.4,Kodak,Lenses,Used,399.0,CAD,"FIXED_PRICE,BEST_OFFER",,CA,statistiques,100.0,2026-08-13T00:23:53.000Z,,https://www.ebay.ca/itm/278274343738?hash=item40ca71833a:g:~DcAAeSws3NqfQt1,https://i.ebayimg.com/images/g/~DcAAeSws3NqfQt1/s-l225.jpg
偏高,+20%,81.76,7,12.0,Tomioka Made Auto-Chinon 28mm F2.8 Manual Focus Wide Angle Lens M42 Mount MINTY,chinon m42 28mm f2.8,Chinon,Lenses,Used,98.0,CAD,"FIXED_PRICE,BEST_OFFER",mount:m42,CA,intofoc.usmontreal,98.2,2026-08-13T02:46:07.000Z,,https://www.ebay.ca/itm/267755606354?hash=item3e577a5152:g:RM0AAeSwd3dqfS9L,https://i.ebayimg.com/images/g/RM0AAeSwd3dqfS9L/s-l225.jpg
偏低,-10%,167.28,80,12.0,Kodak PIXPRO FZ45 16MP 4x Zoom Red Black | 32GB SD Card | Tested Warranty,kodak fz45,Kodak,Digital Cameras,Used,149.95,CAD,FIXED_PRICE,,CA,tahandc_0,100.0,2026-08-12T21:54:33.000Z,,https://www.ebay.ca/itm/398278996706?hash=item5cbb4732e2:g:1ZAAAeSwRQxqfOkR,https://i.ebayimg.com/images/g/1ZAAAeSwRQxqfOkR/s-l225.jpg
偏低,-23%,198.24,80,12.0,Sony Cyber-shot DSC-W330 14.1MP Digital Camera Black,sony dsc-w330,Sony,Digital Cameras,Used,153.34,CAD,"FIXED_PRICE,BEST_OFFER",,CA,blueanchorgoods,98.1,2026-08-12T21:25:13.000Z,,https://www.ebay.ca/itm/358919104569?hash=item53913ee839:g:IlcAAeSwT4dqfLQY,https://i.ebayimg.com/images/g/IlcAAeSwT4dqfLQY/s-l225.jpg
高价,+116%,138.08,80,12.0,Asahi Pentax Super-Takumar 50mm F1.4 - Early 8-Element Bright Prime Lens,asahi takumar 50mm f1.4,Asahi,Lenses,Used,298.0,CAD,"FIXED_PRICE,BEST_OFFER",,CA,intofoc.usmontreal,98.2,2026-08-13T02:30:32.000Z,,https://www.ebay.ca/itm/257677230328?hash=item3bfec280f8:g:waEAAeSwC-FqfStx,https://i.ebayimg.com/images/g/waEAAeSwC-FqfStx/s-l225.jpg
无基准,,18.46,80,10.0,*EXCELLENT* Canon PowerShot ELPH 110 HS 16.1MP Black Compact Camera 5x Zoom SD,canon powershot elph,Canon,Digital Cameras,Used,0.0,USD,"AUCTION,BEST_OFFER",auction,CA,access24,100.0,2026-08-12T23:19:53.000Z,2026-08-19T23:19:53.000Z,https://www.ebay.ca/itm/287521467685?hash=item42f19d6d25:g:i48AAeSwjZxqeJrH,https://i.ebayimg.com/images/g/i48AAeSwjZxqeJrH/s-l225.jpg
无基准,,55.69,80,10.0,Canon 10d With Lens.,canon 10d,Canon,Digital Cameras,Used,0.0,USD,"AUCTION,BEST_OFFER",auction,CA,morrbret.wxwvp,100.0,2026-08-12T20:39:38.000Z,2026-08-22T20:39:38.000Z,https://www.ebay.ca/itm/178400568507?hash=item298980a4bb:g:0MkAAOSwSFZnaGBw,https://i.ebayimg.com/images/g/0MkAAOSwSFZnaGBw/s-l225.jpg
无基准,,38.98,80,10.0,Nikon D50,nikon d50,Nikon,Digital Cameras,Used,0.0,USD,"AUCTION,BEST_OFFER",auction,CA,morrbret.wxwvp,100.0,2026-08-12T20:35:55.000Z,2026-08-22T20:35:55.000Z,https://www.ebay.ca/itm/178400564152?hash=item29898093b8:g:54wAAOSwAyNnaeny,https://i.ebayimg.com/images/g/54wAAOSwAyNnaeny/s-l225.jpg
无基准,,35.02,80,10.0,Nikon D D70 6.1MP Digital SLR Camera - Black (Body Only),nikon d70,Nikon,Digital Cameras,Used,0.0,USD,"AUCTION,BEST_OFFER",auction,CA,morrbret.wxwvp,100.0,2026-08-12T12:29:26.000Z,2026-08-22T12:29:26.000Z,https://www.ebay.ca/itm/178399504130?hash=item2989706702:g:z5kAAOSwjkBlLEVs,https://i.ebayimg.com/images/g/z5kAAOSwjkBlLEVs/s-l225.jpg
无基准,,410.0,32,10.0,Panasonic GH3 with 1 battery,panasonic gh3,Panasonic,Digital Cameras,Used,400.0,CAD,"FIXED_PRICE,AUCTION",auction,CA,jatomchuk,100.0,2026-08-12T16:40:13.000Z,2026-08-22T16:40:13.000Z,https://www.ebay.ca/itm/117355632867?hash=item1b52f0d8e3:g:JR0AAeSwvl9qfKGU,https://i.ebayimg.com/images/g/JR0AAeSwvl9qfKGU/s-l225.jpg
无基准,,410.0,32,10.0,"Panasonic GH3 with LUMIX 14-45mm lens, 2 batteries, lens hood, and usb charger",panasonic gh3,Panasonic,Digital Cameras,Used,600.0,CAD,"FIXED_PRICE,AUCTION",auction,CA,jatomchuk,100.0,2026-08-12T16:37:54.000Z,2026-08-22T16:37:54.000Z,https://www.ebay.ca/itm/117355630041?hash=item1b52f0cdd9:g:AEEAAeSw8TRqfJ6G,https://i.ebayimg.com/images/g/AEEAAeSw8TRqfJ6G/s-l225.jpg
高价,+178%,197.72,80,9.0,Canon EOS Rebel T7 24.1MP DSLR Camera w/ EF-S 18-55mm f/3.5-5.6 III Lens,canon t7,Canon,Digital Cameras,Used,549.0,CAD,FIXED_PRICE,mount:canon ef;55mm,CA,go2globe.canada,100.0,2026-08-13T02:24:25.000Z,,https://www.ebay.ca/itm/128023851809?hash=item1dced0f321:g:EuoAAeSwj0VqfSqb,https://i.ebayimg.com/images/g/EuoAAeSwj0VqfSqb/s-l225.jpg
偏高,+18%,47.39,80,8.0,Canon PowerShot A40 Digital Camera 256 MB FlashCard + Carry Case Tested Working,canon a40,Canon,Digital Cameras,Used,55.71,CAD,"FIXED_PRICE,BEST_OFFER",,CA,hugelhouse,99.1,2026-08-12T21:22:20.000Z,,https://www.ebay.ca/itm/398278919132?hash=item5cbb4603dc:g:ploAAeSwRYJqfOMu,https://i.ebayimg.com/images/g/ploAAeSwRYJqfOMu/s-l225.jpg
偏高,+23%,48.78,80,8.0,Nikon Coolpix L110 12.1MP Digital Camera Black Tested Camera Only,nikon l110,Nikon,Digital Cameras,Used,59.95,CAD,"FIXED_PRICE,BEST_OFFER",,CA,tcv-colllectibles,98.4,2026-08-13T01:59:56.000Z,,https://www.ebay.ca/itm/158182277207?hash=item24d4660057:g:GLMAAeSwG5pqfPoi,https://i.ebayimg.com/images/g/GLMAAeSwG5pqfPoi/s-l225.jpg
偏高,+14%,70.05,80,8.0,Canon EOS 30D 8.2MP Digital Point-And-Shoot Camera,canon 30d,Canon,Digital Cameras,Used,79.99,CAD,FIXED_PRICE,,CA,paymore_kitchener,99.6,2026-08-12T21:19:19.000Z,,https://www.ebay.ca/itm/137614282586?hash=item200a734f5a:g:GaUAAeSwtAZqfKVK,https://i.ebayimg.com/images/g/GaUAAeSwtAZqfKVK/s-l225.jpg
偏高,+24%,105.22,80,8.0,Nikon COOLPIX L820 16.1MP Digital Camera 30x Optical Zoom Red w/ Case & Strap,nikon l820,Nikon,Digital Cameras,Used,129.99,CAD,FIXED_PRICE,,CA,kca1964,100.0,2026-08-12T19:45:31.000Z,,https://www.ebay.ca/itm/307123076764?hash=item4781f63e9c:g:iuMAAeSwH-NqfMpJ,https://i.ebayimg.com/images/g/iuMAAeSwH-NqfMpJ/s-l225.jpg
偏高,+30%,223.82,80,8.0,NEW Canon PowerShot ELPH 180 Digital Camera – Silver - In Box / Never Used,canon 180,Canon,Digital Cameras,Open box,290.0,CAD,"FIXED_PRICE,BEST_OFFER",,CA,meg7795,0.0,2026-08-12T12:40:21.000Z,,https://www.ebay.ca/itm/800488683217?hash=itemba60d7f6d1:g:baoAAeSwfDJqem8i,https://i.ebayimg.com/images/g/baoAAeSwfDJqem8i/s-l225.jpg
偏高,+12%,357.03,80,8.0,Canon PowerShot SX710 HS 20.3MP 30x Optical Zoom Digital Camera,canon sx710,Canon,Digital Cameras,Used,399.99,CAD,FIXED_PRICE,,CA,tanzarian,100.0,2026-08-12T12:00:30.000Z,,https://www.ebay.ca/itm/128022596848?hash=item1dcebdccf0:g:KPQAAeSw7RNqc7wc,https://i.ebayimg.com/images/g/KPQAAeSw7RNqc7wc/s-l225.jpg
偏高,+12%,577.84,80,8.0,Canon EOS M50 Mark II 24.1MP Mirrorless Camera,canon m50,Canon,Digital Cameras,Used,649.99,CAD,FIXED_PRICE,,CA,paymore_kanata,99.5,2026-08-12T06:00:21.000Z,,https://www.ebay.ca/itm/318716917162?hash=item4a350235aa:g:XuEAAeSw3xtqfAFx,https://i.ebayimg.com/images/g/XuEAAeSw3xtqfAFx/s-l225.jpg
高价,+106%,316.21,15,8.0,Sigma 170-500mm F5-6.3 APO DG Canon EF Telephoto Lens Case Hood Never Used,sigma ef 170-500mm f5,Sigma,Lenses,Used,649.99,CAD,"FIXED_PRICE,BEST_OFFER",mount:canon ef,CA,minty-toys-canada,99.3,2026-08-12T04:02:30.000Z,,https://www.ebay.ca/itm/336738150320?hash=item4e672867b0:g:wxgAAeSwRQxqe-~r,https://i.ebayimg.com/images/g/wxgAAeSwRQxqe-~r/s-l225.jpg
偏高,+21%,577.84,80,8.0,Canon EOS M50 Mark II 24.1MP 15-45mm Lens 128GB SD Card | Good Warranty,canon m50,Canon,Digital Cameras,Used,699.95,CAD,FIXED_PRICE,,CA,tahandc_0,100.0,2026-08-12T22:15:15.000Z,,https://www.ebay.ca/itm/398279040140?hash=item5cbb47dc8c:g:4G4AAeSwDRtqfO2L,https://i.ebayimg.com/images/g/4G4AAeSwDRtqfO2L/s-l225.jpg
高价,+973%,165.44,80,8.0,Sony FE 50mm f/1.2 G Master Standard Lens - E-Mount,sony 50mm f1.2,Sony,Lenses,Used,1775.0,CAD,"FIXED_PRICE,BEST_OFFER",mount:sony e,CA,jogilvie1999,100.0,2026-08-12T12:58:36.000Z,,https://www.ebay.ca/itm/287520605127?hash=item42f19043c7:g:jywAAeSwtEFqfGyE,https://i.ebayimg.com/images/g/jywAAeSwtEFqfGyE/s-l225.jpg
合理,-4%,129.62,80,6.0,Sony Cyber-Shot DSC-W310 12.1MP Digital Camera - Black,sony dsc-w310,Sony,Digital Cameras,Used,125.0,CAD,FIXED_PRICE,,CA,bau-6425,100.0,2026-08-13T05:18:34.000Z,,https://www.ebay.ca/itm/358920441253?hash=item5391534da5:g:kOoAAeSwFW1qfVOn,https://i.ebayimg.com/images/g/kOoAAeSwFW1qfVOn/s-l225.jpg
合理,-2%,203.72,80,6.0,Sony Cyber Shot DSC W730 16.1MP Purple Digital Camera Battery Charger & SD,sony w730,Sony,Digital Cameras,Used,199.95,CAD,FIXED_PRICE,,CA,bgslootbox,100.0,2026-08-13T01:20:03.000Z,,https://www.ebay.ca/itm/298583348487?hash=item4584f45507:g:mMwAAeSwsqlqfRqo,https://i.ebayimg.com/images/g/mMwAAeSwsqlqfRqo/s-l225.jpg
合理,+6%,264.87,80,6.0,SONY CYBER-SHOT DSC-WX350 18.2 MP 20X ZOOM DIGITAL CAMERA W/ battery,sony dsc-wx350,Sony,Digital Cameras,Used,280.0,CAD,FIXED_PRICE,,CA,bubba-games,99.2,2026-08-13T05:24:25.000Z,,https://www.ebay.ca/itm/206487120047?hash=item30139768af:g:5HEAAeSwOjlqfVR2,https://i.ebayimg.com/images/g/5HEAAeSwOjlqfVR2/s-l225.jpg
偏高,+31%,76.58,10,4.0,Fujifilm FinePix J Series J100 10.0MP Digital Camera - Black - Complete In Box.,fujifilm j100,Fujifilm,Digital Cameras,Open box,99.99,CAD,FIXED_PRICE,,CA,pink32c,100.0,2026-08-12T12:40:31.000Z,,https://www.ebay.ca/itm/278272679142?hash=item40ca581ce6:g:hBwAAeSw3BxqfGh2,https://i.ebayimg.com/images/g/hBwAAeSw3BxqfGh2/s-l225.jpg
高价,+212%,44.6,16,4.0,"Canon ZR90 MiniDV Digital Video Camcorder - Battery, SD Card. Remote, Charges ++",canon zr90,Canon,Camcorders,Used,139.34,CAD,"FIXED_PRICE,BEST_OFFER",,CA,delmer3,99.3,2026-08-12T16:04:59.000Z,,https://www.ebay.ca/itm/278273197927?hash=item40ca600767:g:vckAAeSwvnpqfJct,https://i.ebayimg.com/images/g/vckAAeSwvnpqfJct/s-l225.jpg
高价,+58%,204.99,80,3.0,CANON EOS REBEL T3i 18 MP DSLR CAMERA WITH 18-55MM IS II LENS - BLACK,canon t3i,Canon,Digital Cameras,Used,324.75,CAD,FIXED_PRICE,55mm,CA,bestsellersbookstore,99.9,2026-08-12T15:30:50.000Z,,https://www.ebay.ca/itm/800497386391?hash=itemba615cc397:g:gRgAAOSwxrFnnXcl,https://i.ebayimg.com/images/g/gRgAAOSwxrFnnXcl/s-l225.jpg
高价,+312%,188.15,80,2.0,Tamron 28-75mm F/2.8 Di III VXD G2 for Sony E-Mount Full Frame/APS-C,tamron 28-75mm f2.8,Tamron,Lenses,Open box,775.0,CAD,"FIXED_PRICE,BEST_OFFER",,CA,rickyrain304,0.0,2026-08-13T01:51:23.000Z,,https://www.ebay.ca/itm/398279558720?hash=item5cbb4fc640:g:quQAAeSwBJRqfSJ2,https://i.ebayimg.com/images/g/quQAAeSwBJRqfSJ2/s-l225.jpg
无基准,,194.66,80,0.0,"Sony DSC-TX10 digital camera, working condition, used",sony dsc-tx10,Sony,Digital Cameras,Used,0.0,USD,"AUCTION,BEST_OFFER",auction,CA,facteur88,100.0,2026-08-12T22:56:03.000Z,2026-08-19T22:56:03.000Z,https://www.ebay.ca/itm/298583085572?hash=item4584f05204:g:VPoAAeSw1ihqYSog,https://i.ebayimg.com/images/g/VPoAAeSw1ihqYSog/s-l225.jpg
高价,+238%,27.79,80,0.0,Canon PowerShot A80 Digital Camera Silver 4.0MP Y2K Vintage,canon a80,Canon,Digital Cameras,Used,93.87,CAD,"FIXED_PRICE,BEST_OFFER",,CA,thegoodsale0,100.0,2026-08-12T12:40:58.000Z,,https://www.ebay.ca/itm/198565763534?hash=item2e3b7119ce:g:rn4AAeSw5TlqfGna,https://i.ebayimg.com/images/g/rn4AAeSw5TlqfGna/s-l225.jpg
高价,+200%,33.27,80,0.0,Nikon Coolpix L22 12.0MP Digital Camera – Black – Tested Works – With SD Card,nikon l22,Nikon,Digital Cameras,Used,99.97,CAD,FIXED_PRICE,,CA,ancatech,99.1,2026-08-13T02:46:06.000Z,,https://www.ebay.ca/itm/178401463008?hash=item29898e4ae0:g:628AAeSwWXtqfS-j,https://i.ebayimg.com/images/g/628AAeSwWXtqfS-j/s-l225.jpg
高价,+392%,20.32,80,0.0,Canon EOS Rebel XS 10.1MP Digital SLR DSLR Camera Lens Kit,canon eos rebel,Canon,Digital Cameras,Used,99.99,CAD,FIXED_PRICE,,CA,paymore_kitchener,99.6,2026-08-12T21:19:19.000Z,,https://www.ebay.ca/itm/137614282584?hash=item200a734f58:g:j9sAAeSwMwFqfKVP,https://i.ebayimg.com/images/g/j9sAAeSwMwFqfKVP/s-l225.jpg
高价,+98%,78.29,80,0.0,Nikon COOLPIX S550 10.0MP Digital Camera Graphite black Tested Working In Box,nikon s550,Nikon,Digital Cameras,Used,155.0,CAD,FIXED_PRICE,,CA,tristantcg,98.9,2026-08-12T06:47:05.000Z,,https://www.ebay.ca/itm/398276642176?hash=item5cbb234580:g:t5wAAeSwIVVqfBbL,https://i.ebayimg.com/images/g/t5wAAeSwIVVqfBbL/s-l225.jpg
高价,+46%,119.77,80,0.0,Canon PowerShot SD750 7.1MP Digital Elph Camera 3x Zoom Silver w/ Battery,canon sd750,Canon,Digital Cameras,Used,174.99,CAD,FIXED_PRICE,,CA,daks-game-emporium,99.5,2026-08-12T06:37:09.000Z,,https://www.ebay.ca/itm/128022227845?hash=item1dceb82b85:g:9tIAAeSw1WFqe~DS,https://i.ebayimg.com/images/g/9tIAAeSw1WFqe~DS/s-l225.jpg
高价,+85%,189.16,80,0.0,"Canon PowerShot Digital ELPH SD600 6.0MP 3x pocket Camera w Charger,SD Card,Case",canon sd600,Canon,Digital Cameras,Used,350.0,CAD,"FIXED_PRICE,BEST_OFFER",,CA,incadesign2003,100.0,2026-08-13T03:01:10.000Z,,https://www.ebay.ca/itm/298583532922?hash=item4584f7257a:g:5C4AAeSwhP1qfTG2,https://i.ebayimg.com/images/g/5C4AAeSwhP1qfTG2/s-l225.jpg
高价,+84%,205.83,80,0.0,Canon EOS 7D 18MP Digital SLR Camera Body with Charger,canon 7d,Canon,Digital Cameras,Used,379.0,CAD,FIXED_PRICE,,CA,go2globe.canada,100.0,2026-08-13T01:11:44.000Z,,https://www.ebay.ca/itm/128023773296?hash=item1dcecfc070:g:DRAAAeSwtEFqfRk7,https://i.ebayimg.com/images/g/DRAAAeSwtEFqfRk7/s-l225.jpg
高价,+104%,187.49,80,0.0,Nikon COOLPIX S6200 16MP 10x Optical Zoom Red Digital Camera Tested Working,nikon s6200,Nikon,Digital Cameras,Used,382.91,CAD,"FIXED_PRICE,BEST_OFFER",,CA,volodymystet0,100.0,2026-08-12T04:14:44.000Z,,https://www.ebay.ca/itm/318716597639?hash=item4a34fd5587:g:GlQAAeSwLDFqUbKK,https://i.ebayimg.com/images/g/GlQAAeSwLDFqUbKK/s-l225.jpg
高价,+257%,280.09,80,0.0,Canon PowerShot G7 X Mark II 20.1MP Compact Camera - Black,canon g7,Canon,Digital Cameras,Open box,1000.0,CAD,"FIXED_PRICE,BEST_OFFER",,CA,octobe-76,100.0,2026-08-13T02:33:20.000Z,,https://www.ebay.ca/itm/398279664342?hash=item5cbb5162d6:g:EP4AAeSw7Ddqe7qE,https://i.ebayimg.com/images/g/EP4AAeSw7Ddqe7qE/s-l225.jpg
合理,+0%,139.4,80,-2.0,Sony a100 Digital SLR Camera DSLR-A100 10.2MP 1.5m/4.9ft Macro Sony Lens Tested,sony a100,Sony,Digital Cameras,Used,139.4,CAD,"FIXED_PRICE,BEST_OFFER",low-feedback,CA,trevscloset,94.0,2026-08-12T21:04:39.000Z,,https://www.ebay.ca/itm/800498448111?hash=itemba616cf6ef:g:uGsAAeSwxONpu1MA,https://i.ebayimg.com/images/g/uGsAAeSwxONpu1MA/s-l225.jpg
偏高,+43%,1279.45,80,-2.0,Sony A7iii w/ Kit Lens + Gear (790 shutter count!),sony a7iii,Sony,Digital Cameras,Open box,1825.0,CAD,"FIXED_PRICE,BEST_OFFER",,CA,rickyrain304,0.0,2026-08-13T02:14:11.000Z,,https://www.ebay.ca/itm/398279615853?hash=item5cbb50a56d:g:PG8AAeSwE-hqfSUH,https://i.ebayimg.com/images/g/PG8AAeSwE-hqfSUH/s-l225.jpg
高价,+148%,39.86,32,-4.0,Canon ZR10 Mini DV Camcorder With Bag & Accessories Silver,canon zr10,Canon,Camcorders,Used,98.95,CAD,FIXED_PRICE,low-feedback,CA,randomflavours,96.5,2026-08-13T07:56:43.000Z,,https://www.ebay.ca/itm/358920874932?hash=item539159ebb4:g:7pYAAeSwC~Zqc6Bk,https://i.ebayimg.com/images/g/7pYAAeSwC~Zqc6Bk/s-l225.jpg
高价,+110%,613.39,80,-4.0,"sony a7s ii excellent condition, G 4/18-105, FE 2/28 28-70with lenses",sony a7s,Sony,Digital Cameras,Used,1290.0,CAD,"FIXED_PRICE,BEST_OFFER",mount:sony e,CA,gad_7858,0.0,2026-08-13T01:18:06.000Z,,https://www.ebay.ca/itm/377411381771?hash=item57df78aa0b:g:SIYAAeSw-V9qe8Zn,https://i.ebayimg.com/images/g/SIYAAeSw-V9qe8Zn/s-l225.jpg
高价,+1001%,19.99,80,-6.0,SONY Handycam DCR-TRV315 Digital 8 Camcorder W/Battery Used Tested,sony 8,Sony,Camcorders,Used,220.0,CAD,FIXED_PRICE,,CA,c_ertman,99.6,2026-08-13T02:40:01.000Z,,https://www.ebay.ca/itm/168609600073?hash=item2741ea5249:g:UYMAAeSwDjZqfS4-,https://i.ebayimg.com/images/g/UYMAAeSwDjZqfS4-/s-l225.jpg
高价,+84%,48.78,80,-8.0,Nikon COOLPIX L110 12.1MP Red Digital Camera – 15x Zoom – 1080p Video,nikon l110,Nikon,Digital Cameras,Used,89.99,CAD,"FIXED_PRICE,BEST_OFFER",low-feedback,CA,jtcashman,94.4,2026-08-13T02:14:00.000Z,,https://www.ebay.ca/itm/117356386869?hash=item1b52fc5a35:g:XBQAAeSwPYppRHXq,https://i.ebayimg.com/images/g/XBQAAeSwPYppRHXq/s-l225.jpg
高价,+51%,27.83,25,-10.0,"Kodak EasyShare C763 Digital Camera Silver, 7.1MP, 2.5"" Display, 3X Optical Zoom",kodak c763,Kodak,Digital Cameras,Used,41.99,CAD,FIXED_PRICE,,CA,tristantcg,98.9,2026-08-12T06:26:53.000Z,,https://www.ebay.ca/itm/398276586551?hash=item5cbb226c37:g:cwAAAeSwJHdqfBIX,https://i.ebayimg.com/images/g/cwAAAeSwJHdqfBIX/s-l225.jpg
高价,+182%,17.76,80,-10.0,Reliable NP-BG1/NP-FG1 Battery Pack with Charger for Sony Cyber-Shot Cameras,sony cyber-shot,Sony,Digital Cameras,New,49.99,CAD,FIXED_PRICE,,CA,gingy_thrifts,98.3,2026-08-12T21:31:14.000Z,,https://www.ebay.ca/itm/800498574922?hash=itemba616ee64a:g:w0kAAeSw7LZqBKNk,https://i.ebayimg.com/images/g/w0kAAeSw7LZqBKNk/s-l225.jpg
高价,+60%,406.7,80,-10.0,Sony ZV-1F 20.1MP 4K f/2 Vlogging Digital Camera - Black,sony zv-1f,Sony,Digital Cameras,Open box,650.0,CAD,"FIXED_PRICE,BEST_OFFER",,CA,kie_9184,0.0,2026-08-12T16:49:23.000Z,,https://www.ebay.ca/itm/128023188248?hash=item1dcec6d318:g:GRUAAeSwdUJqfKO7,https://i.ebayimg.com/images/g/GRUAAeSwdUJqfKO7/s-l225.jpg
高价,+542%,584.33,80,-10.0,Sony Alpha a7R V 61MP Full-Frame Mirrorless Camera - Body Only - OPEN BOX,sony a7r,Sony,Digital Cameras,Open box,3750.0,CAD,FIXED_PRICE,,CA,camwatch1,100.0,2026-08-12T15:13:46.000Z,,https://www.ebay.ca/itm/257676296134?hash=item3bfeb43fc6:g:pIMAAeSwogFqc1Oj,https://i.ebayimg.com/images/g/pIMAAeSwogFqc1Oj/s-l225.jpg
